dataset,query_id,objective_count,method,epsilon,status,certified,paths,reference_kind,reference_size,reference_configurations,empirical_epsilon,load_seconds,preprocess_seconds,search_seconds,total_seconds,peak_rss_mb,expanded,labels,merged,file
BAY,0001,2,NAMOA_dr_goal_epsilon,0.0,exact,True,76,exact,76,2,0.0,0.758538065,0.393595934,0.015395724,1.17014272,69,14180,16286,0,BAY_0001_m2_e0.0_02ed5961c4ab0ae5.json
BAY,0001,2,apex_open_merge,0.2,epsilon_cover,True,4,exact,76,2,0.0531263127919861,0.751755241,0.365355666,0.010895778,1.130839564,68,0,1,0,BAY_0001_m2_e0.2_4cd783a92e7be00c.json
BAY,0001,3,apex_open_merge,0.2,epsilon_cover,True,10,unavailable_single_config,10,1,,0.715385148,0.459209547,0.022865604,1.201392902,70,28784,28784,5321,BAY_0001_m3_e0.2_fda3a60cff85467a.json
BAY,0001,5,apex_open_merge,0.2,epsilon_cover,True,9,unavailable_single_config,9,1,,0.741867831,0.678191647,0.038752992,1.463618278,71,40538,40538,8094,BAY_0001_m5_e0.2_7e81fc4ca6f6e4a5.json
BAY,0002,2,NAMOA_dr_goal_epsilon,0.0,exact,True,34,exact,34,2,0.0,0.752312264,0.355809797,0.011011553,1.120739684,69,13019,15024,0,BAY_0002_m2_e0.0_6f38b7c114d3f0e5.json
BAY,0002,2,apex_open_merge,0.2,epsilon_cover,True,4,exact,34,2,0.010978743931887358,0.727576147,0.315809449,0.010429255,1.056593281,68,0,1,0,BAY_0002_m2_e0.2_74a7a6b094f67e1b.json
BAY,0002,3,apex_open_merge,0.2,epsilon_cover,True,8,unavailable_single_config,8,1,,0.731742832,0.432038225,0.010362264,1.177365091,69,119,119,11,BAY_0002_m3_e0.2_be8a7896f702041c.json
BAY,0002,5,apex_open_merge,0.2,epsilon_cover,True,10,unavailable_single_config,10,1,,0.616989927,0.528104159,0.010199048,1.157840436,68,4051,4051,570,BAY_0002_m5_e0.2_c91e239f4467f9aa.json
BAY,0003,2,NAMOA_dr_goal_epsilon,0.0,exact,True,30,exact,30,2,0.0,0.737409421,0.492897818,0.008799723,1.240707345,68,12610,13837,0,BAY_0003_m2_e0.0_ec93624ad6fb04e1.json
BAY,0003,2,apex_open_merge,0.2,epsilon_cover,True,4,exact,30,2,0.011242938356530674,0.718876924,0.525982839,0.00928573,1.256369053,69,0,1,0,BAY_0003_m2_e0.2_0ae50596de38f532.json
BAY,0003,3,apex_open_merge,0.2,epsilon_cover,True,10,unavailable_single_config,10,1,,0.7497548,0.661209723,0.15427647,1.575746373,105,160061,160921,39784,BAY_0003_m3_e0.2_6900efadbbbbe6f6.json
BAY,0003,5,apex_open_merge,0.2,epsilon_cover,True,12,unavailable_single_config,12,1,,0.752626954,0.804256612,0.306442006,1.877306895,144,265938,267686,77991,BAY_0003_m5_e0.2_d897b875733d9a35.json
BAY,0004,2,NAMOA_dr_goal_epsilon,0.0,exact,True,497,exact,497,2,0.0,0.749227941,1.007713695,0.538608669,2.299788014,136,502549,622933,0,BAY_0004_m2_e0.0_8a5beb5ae2820950.json
BAY,0004,2,apex_open_merge,0.2,epsilon_cover,True,7,exact,497,2,0.05534999723759082,0.745437819,1.090731218,0.010177355,1.848966998,68,0,1,0,BAY_0004_m2_e0.2_6fd14e6c1c24c840.json
BAY,0004,3,apex_open_merge,0.2,epsilon_cover,True,12,unavailable_single_config,12,1,,0.633811389,0.979213263,0.010346402,1.626245213,69,1364,1364,255,BAY_0004_m3_e0.2_c8d3efcd13864e61.json
BAY,0004,5,apex_open_merge,0.2,epsilon_cover,True,14,unavailable_single_config,14,1,,0.735296966,1.104342295,0.090599688,1.936015272,85,102781,102845,24510,BAY_0004_m5_e0.2_f37de61080f98afc.json
BAY,0005,2,NAMOA_dr_goal_epsilon,0.0,exact,True,126,exact,126,2,0.0,0.604905954,1.117635547,0.201046688,1.926691898,100,308455,370467,0,BAY_0005_m2_e0.0_6cc3a0ff31fdb9c4.json
BAY,0005,2,apex_open_merge,0.2,epsilon_cover,True,4,exact,126,2,0.021855765912971004,0.737889352,1.196474561,0.010316502,1.947129762,69,0,1,0,BAY_0005_m2_e0.2_1b234d6e78f3eb70.json
BAY,0005,3,apex_open_merge,0.2,epsilon_cover,True,11,unavailable_single_config,11,1,,0.749134177,1.284263754,0.127725168,2.171990125,103,147125,148932,38052,BAY_0005_m3_e0.2_ea41d0bb9af65c04.json
BAY,0005,5,apex_open_merge,0.2,epsilon_cover,True,37,unavailable_single_config,37,1,,0.750069728,1.234332524,0.760630061,2.765427501,199,627808,632495,209282,BAY_0005_m5_e0.2_aa9ef69055528253.json
BAY,0006,2,NAMOA_dr_goal_epsilon,0.0,exact,True,23,exact,23,2,0.0,0.764829221,0.44704826,0.00886005,1.222432375,69,5277,6204,0,BAY_0006_m2_e0.0_c0513182798816b9.json
BAY,0006,2,apex_open_merge,0.2,epsilon_cover,True,3,exact,23,2,0.03792032909229093,0.745383145,0.446608885,0.010813758,1.20533233,69,0,1,0,BAY_0006_m2_e0.2_c11a21eae35bb9d7.json
BAY,0006,3,apex_open_merge,0.2,epsilon_cover,True,8,unavailable_single_config,8,1,,0.732749669,0.508516809,0.009916522,1.254278598,68,221,221,25,BAY_0006_m3_e0.2_33ba895fa9be8226.json
BAY,0006,5,apex_open_merge,0.2,epsilon_cover,True,10,unavailable_single_config,10,1,,0.613508527,0.576702265,0.009796597,1.20240825,68,981,981,140,BAY_0006_m5_e0.2_be6172130030d9ff.json
BAY,0007,2,NAMOA_dr_goal_epsilon,0.0,exact,True,18,exact,18,2,0.0,0.733250574,0.304090915,0.008901023,1.047553676,69,8597,11356,0,BAY_0007_m2_e0.0_212abdee21f39f9a.json
BAY,0007,2,apex_open_merge,0.2,epsilon_cover,True,3,exact,18,2,0.05492992814967623,0.733077948,0.309314175,0.009284233,1.054098444,69,0,1,0,BAY_0007_m2_e0.2_75868834d94c9ef7.json
BAY,0007,3,apex_open_merge,0.2,epsilon_cover,True,11,unavailable_single_config,11,1,,0.730677895,0.420277888,0.030940807,1.184924467,70,30770,31864,15079,BAY_0007_m3_e0.2_852e0f2dc95e0b14.json
BAY,0007,5,apex_open_merge,0.2,epsilon_cover,True,21,unavailable_single_config,21,1,,0.735280371,0.581280244,0.155034688,1.476439974,102,129434,131213,63106,BAY_0007_m5_e0.2_0eab7ff3feef7328.json
BAY,0008,2,NAMOA_dr_goal_epsilon,0.0,exact,True,6,exact,6,2,0.0,0.728331468,0.294469725,0.006506332,1.030611376,68,2669,3491,0,BAY_0008_m2_e0.0_5c257c3bc65b3cff.json
BAY,0008,2,apex_open_merge,0.2,epsilon_cover,True,2,exact,6,2,0.022499756465134357,0.74818705,0.313399928,0.013198075,1.079034001,68,0,1,0,BAY_0008_m2_e0.2_53729bce6dc2a5ff.json
BAY,0008,3,apex_open_merge,0.2,epsilon_cover,True,7,unavailable_single_config,7,1,,0.741062034,0.435954425,0.011706892,1.191702117,68,602,602,74,BAY_0008_m3_e0.2_c051087c9a50b3cc.json
BAY,0008,5,apex_open_merge,0.2,epsilon_cover,True,10,unavailable_single_config,10,1,,0.742527684,0.607873315,0.015401554,1.369872763,69,7067,7099,1681,BAY_0008_m5_e0.2_79f6bb7bece4be59.json
BAY,0009,2,NAMOA_dr_goal_epsilon,0.0,exact,True,70,exact,70,2,0.0,0.705735572,0.901588812,0.231310923,1.841655163,101,328943,379783,0,BAY_0009_m2_e0.0_4f91f376569c1eab.json
BAY,0009,2,apex_open_merge,0.2,epsilon_cover,True,5,exact,70,2,0.015648149936249522,0.752073723,1.027287211,0.011004406,1.793248372,68,0,1,0,BAY_0009_m2_e0.2_9026e38a37011e68.json
BAY,0009,3,apex_open_merge,0.2,epsilon_cover,True,11,unavailable_single_config,11,1,,0.748964595,1.088326676,0.018068487,1.858984184,68,11963,11963,2286,BAY_0009_m3_e0.2_f59521b29c8b64b2.json
BAY,0009,5,apex_open_merge,0.2,epsilon_cover,True,19,unavailable_single_config,19,1,,0.682720558,1.026526512,2.152696094,3.899836207,312,1456635,1460524,403585,BAY_0009_m5_e0.2_3e93a4b756152c7f.json
BAY,0010,2,NAMOA_dr_goal_epsilon,0.0,exact,True,191,exact,191,2,0.0,0.730737323,0.870660564,0.105138124,1.707895891,74,134092,152953,0,BAY_0010_m2_e0.0_ca662bc0c756b072.json
BAY,0010,2,apex_open_merge,0.2,epsilon_cover,True,5,exact,191,2,0.009525499133425264,0.623509637,0.81720711,0.010091692,1.453486727,68,0,1,0,BAY_0010_m2_e0.2_260db065ce31c995.json
BAY,0010,3,apex_open_merge,0.2,epsilon_cover,True,9,unavailable_single_config,9,1,,0.739125999,0.931010176,0.00934752,1.681530312,68,0,1,0,BAY_0010_m3_e0.2_033a030415443960.json
BAY,0010,5,apex_open_merge,0.2,epsilon_cover,True,11,unavailable_single_config,11,1,,0.747882187,0.991265359,0.009912338,1.751261826,69,0,1,0,BAY_0010_m5_e0.2_638564cbc9297242.json
BAY,0011,2,NAMOA_dr_goal_epsilon,0.0,exact,True,94,exact,94,2,0.0,0.73102984,0.551237317,0.01839826,1.30212918,71,32051,37686,0,BAY_0011_m2_e0.0_0fba4e5ca277a6a5.json
BAY,0011,2,apex_open_merge,0.2,epsilon_cover,True,4,exact,94,2,0.025215777029806485,0.743733896,0.607417105,0.011462525,1.366058818,68,0,1,0,BAY_0011_m2_e0.2_97f22dc2563b7b39.json
BAY,0011,3,apex_open_merge,0.2,epsilon_cover,True,9,unavailable_single_config,9,1,,0.613795555,0.568301231,0.009132637,1.194127976,68,0,1,0,BAY_0011_m3_e0.2_209bc5f538bbf73f.json
BAY,0011,5,apex_open_merge,0.2,epsilon_cover,True,10,unavailable_single_config,10,1,,0.74974924,0.734643982,0.035388446,1.523581165,71,39624,39675,9983,BAY_0011_m5_e0.2_f2aeef424bc59a6c.json
BAY,0012,2,NAMOA_dr_goal_epsilon,0.0,exact,True,364,exact,364,2,0.0,0.730552076,1.136276563,1.215054036,3.087038491,190,1451346,1629038,0,BAY_0012_m2_e0.0_1ef75ceef9ab3c80.json
BAY,0012,2,apex_open_merge,0.2,epsilon_cover,True,3,exact,364,2,0.05863725554050103,0.739659884,1.143164349,0.009576071,1.894707125,69,0,1,0,BAY_0012_m2_e0.2_1a901320ecd08216.json
BAY,0012,3,apex_open_merge,0.2,epsilon_cover,True,9,unavailable_single_config,9,1,,0.632193484,1.092485557,2.221842498,3.991670855,312,1279094,1279094,288641,BAY_0012_m3_e0.2_4f1919953cb7137b.json
BAY,0012,5,apex_open_merge,0.2,epsilon_cover,True,23,unavailable_single_config,23,1,,0.745845394,1.255130832,12.03250977,14.12344957,1055,4319528,4327684,1414196,BAY_0012_m5_e0.2_df4f64d396ba82f2.json
BAY,0013,2,NAMOA_dr_goal_epsilon,0.0,exact,True,53,exact,53,2,0.0,0.746850436,0.928960372,0.038513816,1.715903815,79,58001,67863,0,BAY_0013_m2_e0.0_c52cba8d0057820b.json
BAY,0013,2,apex_open_merge,0.2,epsilon_cover,True,6,exact,53,2,0.013195011901801168,0.737154895,0.832140902,0.009945273,1.58218776,68,0,1,0,BAY_0013_m2_e0.2_527c384893d911a7.json
BAY,0013,3,apex_open_merge,0.2,epsilon_cover,True,11,unavailable_single_config,11,1,,0.743593283,0.928263185,0.285757296,1.972289888,144,268804,268804,66717,BAY_0013_m3_e0.2_e33430c602e62694.json
BAY,0013,5,apex_open_merge,0.2,epsilon_cover,True,33,unavailable_single_config,33,1,,0.746497282,0.960809095,1.311692974,3.041723188,199,706765,712880,224506,BAY_0013_m5_e0.2_221b7c5f182da110.json
BAY,0014,2,NAMOA_dr_goal_epsilon,0.0,exact,True,735,exact,735,2,0.0,0.747291936,0.74944055,0.42582417,1.926732679,99,295807,348372,0,BAY_0014_m2_e0.0_217551320d0d982a.json
BAY,0014,2,apex_open_merge,0.2,epsilon_cover,True,5,exact,735,2,0.053945431023430634,0.606666245,0.635730501,0.00939569,1.25485472,69,0,1,0,BAY_0014_m2_e0.2_448c7d2e278205b7.json
BAY,0014,3,apex_open_merge,0.2,epsilon_cover,True,10,unavailable_single_config,10,1,,0.734641002,0.743900137,0.018075828,1.49993542,69,20799,20799,4867,BAY_0014_m3_e0.2_700963408ad7bce1.json
BAY,0014,5,apex_open_merge,0.2,epsilon_cover,True,11,unavailable_single_config,11,1,,0.730422653,0.93200722,0.049021326,1.717895984,74,64268,64268,17516,BAY_0014_m5_e0.2_879f21c98ddec0fe.json
BAY,0015,2,NAMOA_dr_goal_epsilon,0.0,exact,True,83,exact,83,2,0.0,0.750344786,0.963877615,0.178646596,1.894993453,94,233908,264295,0,BAY_0015_m2_e0.0_ba449f20fa265574.json
BAY,0015,2,apex_open_merge,0.2,epsilon_cover,True,6,exact,83,2,0.01610853420385472,0.73333368,0.918940162,0.00972363,1.665184823,69,0,1,0,BAY_0015_m2_e0.2_52e8eb712e31c266.json
BAY,0015,3,apex_open_merge,0.2,epsilon_cover,True,11,unavailable_single_config,11,1,,0.730960006,1.00641251,0.010640527,1.751120329,69,689,689,187,BAY_0015_m3_e0.2_e31abc05fb9eaa10.json
BAY,0015,5,apex_open_merge,0.2,epsilon_cover,True,12,unavailable_single_config,12,1,,0.74893235,1.130463305,0.132141843,2.016895243,87,126269,126269,44877,BAY_0015_m5_e0.2_ad347e3df05c3e33.json
BAY,0016,2,NAMOA_dr_goal_epsilon,0.0,exact,True,98,exact,98,2,0.0,0.729942586,0.300992168,0.017268104,1.049673314,81,31106,35770,0,BAY_0016_m2_e0.0_0a6ab671d2d5666c.json
BAY,0016,2,apex_open_merge,0.2,epsilon_cover,True,2,exact,98,2,0.015848079550147665,0.652210293,0.297377373,0.009474423,0.961961127,69,0,1,0,BAY_0016_m2_e0.2_32861bd59e8d692e.json
BAY,0016,3,apex_open_merge,0.2,epsilon_cover,True,10,unavailable_single_config,10,1,,0.733982862,0.401232749,0.015756533,1.153962008,69,11021,11288,2446,BAY_0016_m3_e0.2_1b6457e36cbd504b.json
BAY,0016,5,apex_open_merge,0.2,epsilon_cover,True,14,unavailable_single_config,14,1,,0.612860419,0.497632195,0.018345238,1.132252553,69,17245,17567,4385,BAY_0016_m5_e0.2_4bc0224a01de9eb8.json
BAY,0017,2,NAMOA_dr_goal_epsilon,0.0,exact,True,41,exact,41,2,0.0,0.607522271,0.724412835,0.015095179,1.34864675,82,30377,36220,0,BAY_0017_m2_e0.0_b40e8cbb6b113d27.json
BAY,0017,2,apex_open_merge,0.2,epsilon_cover,True,6,exact,41,2,0.020642479898962174,0.738665017,0.793093368,0.009893773,1.543970287,69,0,1,0,BAY_0017_m2_e0.2_d0e0ecc7bc70bbf9.json
BAY,0017,3,apex_open_merge,0.2,epsilon_cover,True,10,unavailable_single_config,10,1,,0.735426646,0.750458817,0.009947193,1.498131537,69,0,1,0,BAY_0017_m3_e0.2_35a073e773bedb1d.json
BAY,0017,5,apex_open_merge,0.2,epsilon_cover,True,11,unavailable_single_config,11,1,,0.610294222,0.797901386,0.013596793,1.424811994,69,7718,7718,1976,BAY_0017_m5_e0.2_899dd17382812abc.json
BAY,0018,2,NAMOA_dr_goal_epsilon,0.0,exact,True,306,exact,306,2,0.0,0.753779643,0.619081154,0.553169116,1.930673983,136,547398,612662,0,BAY_0018_m2_e0.0_5d33ecb6c37205a8.json
BAY,0018,2,apex_open_merge,0.2,epsilon_cover,True,4,exact,306,2,0.12574934567074392,0.637238128,0.539495446,0.014052239,1.194246295,68,5920,5920,2536,BAY_0018_m2_e0.2_c4c323dd0eed908e.json
BAY,0018,3,apex_open_merge,0.2,epsilon_cover,True,11,unavailable_single_config,11,1,,0.632689217,0.633197161,0.036122949,1.306743466,72,49256,49256,17739,BAY_0018_m3_e0.2_582a335aabad863f.json
BAY,0018,5,apex_open_merge,0.2,epsilon_cover,True,13,unavailable_single_config,13,1,,0.616567213,0.697937053,0.202378599,1.528199986,113,231825,232231,69730,BAY_0018_m5_e0.2_623ca66ae5aa1c2d.json
BAY,0019,2,NAMOA_dr_goal_epsilon,0.0,exact,True,49,exact,49,2,0.0,0.722447619,0.4039768,0.014226771,1.141935785,82,21717,26370,0,BAY_0019_m2_e0.0_d15356d0af1cce66.json
BAY,0019,2,apex_open_merge,0.2,epsilon_cover,True,5,exact,49,2,0.023434773581655133,0.597574285,0.36831215,0.008211543,0.97625842,69,0,1,0,BAY_0019_m2_e0.2_ca832b51c85f1952.json
BAY,0019,3,apex_open_merge,0.2,epsilon_cover,True,9,unavailable_single_config,9,1,,0.73375933,0.524389105,0.009111033,1.269899988,69,0,1,0,BAY_0019_m3_e0.2_594dde2dd7f97e97.json
BAY,0019,5,apex_open_merge,0.2,epsilon_cover,True,10,unavailable_single_config,10,1,,0.734342892,0.677755928,0.009757888,1.424025102,69,0,1,0,BAY_0019_m5_e0.2_971763c4ba339e75.json
BAY,0020,2,NAMOA_dr_goal_epsilon,0.0,exact,True,62,exact,62,2,0.0,0.755549749,0.704758998,0.075569484,1.537614468,82,130530,146015,0,BAY_0020_m2_e0.0_6ffce32e320efc85.json
BAY,0020,2,apex_open_merge,0.2,epsilon_cover,True,3,exact,62,2,0.08424249212175505,0.760772363,0.709938247,0.010967976,1.484488808,69,0,1,0,BAY_0020_m2_e0.2_57f76802b09695cf.json
BAY,0020,3,apex_open_merge,0.2,epsilon_cover,True,9,unavailable_single_config,9,1,,0.737346697,0.672387431,0.054334713,1.469033917,81,71551,71551,13764,BAY_0020_m3_e0.2_2031d085597807ed.json
BAY,0020,5,apex_open_merge,0.2,epsilon_cover,True,12,unavailable_single_config,12,1,,0.734105849,0.795610107,0.079090016,1.614002918,83,87416,87468,18693,BAY_0020_m5_e0.2_7585cafd3581c134.json
BAY,0021,2,NAMOA_dr_goal_epsilon,0.0,exact,True,11,exact,11,2,0.0,0.74022909,0.407712443,0.005815534,1.154809611,90,1084,1142,0,BAY_0021_m2_e0.0_723581dcc7a15119.json
BAY,0021,2,apex_open_merge,0.2,epsilon_cover,True,3,exact,11,2,0.0013686899187201895,0.61638767,0.349189007,0.008466535,0.976319921,68,0,1,0,BAY_0021_m2_e0.2_876ba47b65a1c801.json
BAY,0021,3,apex_open_merge,0.2,epsilon_cover,True,10,unavailable_single_config,10,1,,0.750476077,0.552239135,0.038871661,1.346566807,71,43502,43801,9542,BAY_0021_m3_e0.2_2baf65382cf434d5.json
BAY,0021,5,apex_open_merge,0.2,epsilon_cover,True,11,unavailable_single_config,11,1,,0.624118527,0.640797162,0.032319241,1.301536974,71,39269,39269,10781,BAY_0021_m5_e0.2_d25cf8130b1e25f7.json
BAY,0022,2,NAMOA_dr_goal_epsilon,0.0,exact,True,407,exact,407,2,0.0,0.73257305,0.856952871,1.910112861,3.505309699,192,1597749,1792099,0,BAY_0022_m2_e0.0_57b0dc75bfde8358.json
BAY,0022,2,apex_open_merge,0.2,epsilon_cover,True,4,exact,407,2,0.059931444562731695,0.61251702,0.797211341,0.009951346,1.422202378,69,0,1,0,BAY_0022_m2_e0.2_5b7fdd6971b17f25.json
BAY,0022,3,apex_open_merge,0.2,epsilon_cover,True,9,unavailable_single_config,9,1,,0.743274122,0.873663837,0.077670278,1.70257425,84,101205,101205,28120,BAY_0022_m3_e0.2_7eda4f0b1d3d3b4c.json
BAY,0022,5,apex_open_merge,0.2,epsilon_cover,True,16,unavailable_single_config,16,1,,0.748545448,1.016992852,3.043744849,4.849655165,312,1585128,1593310,528126,BAY_0022_m5_e0.2_6b20c5e2fbf44e9c.json
BAY,0023,2,NAMOA_dr_goal_epsilon,0.0,exact,True,26,exact,26,2,0.0,0.729551582,0.747751033,0.024103672,1.502857643,102,41435,48902,0,BAY_0023_m2_e0.0_64e676bcb56cd1dc.json
BAY,0023,2,apex_open_merge,0.2,epsilon_cover,True,6,exact,26,2,0.020549399993980533,0.622081006,0.647019088,0.009410545,1.280811727,69,0,1,0,BAY_0023_m2_e0.2_f77695a3818f3121.json
BAY,0023,3,apex_open_merge,0.2,epsilon_cover,True,11,unavailable_single_config,11,1,,0.634919738,0.800868522,0.157918195,1.605112434,104,156040,156040,47246,BAY_0023_m3_e0.2_cd20c26902a927e0.json
BAY,0023,5,apex_open_merge,0.2,epsilon_cover,True,13,unavailable_single_config,13,1,,0.763203021,0.993208237,2.234949054,4.027022348,200,1035045,1039018,372963,BAY_0023_m5_e0.2_f61e057ab1169265.json
BAY,0024,2,NAMOA_dr_goal_epsilon,0.0,exact,True,98,exact,98,2,0.0,0.740657521,0.562759632,0.056587088,1.361191366,102,80323,96135,0,BAY_0024_m2_e0.0_86577e07c20887e5.json
BAY,0024,2,apex_open_merge,0.2,epsilon_cover,True,5,exact,98,2,0.02215072884996583,0.636178779,0.53652451,0.00947444,1.184718588,69,0,1,0,BAY_0024_m2_e0.2_6ce12628af736ad7.json
BAY,0024,3,apex_open_merge,0.2,epsilon_cover,True,10,unavailable_single_config,10,1,,0.733311876,0.821948825,0.019939387,1.578626709,69,21715,21715,3756,BAY_0024_m3_e0.2_8da51d55de93f670.json
BAY,0024,5,apex_open_merge,0.2,epsilon_cover,True,12,unavailable_single_config,12,1,,0.736860901,0.870949102,0.200111879,1.81438542,107,174870,178587,74083,BAY_0024_m5_e0.2_f1998ba6fd9843d3.json
BAY,0025,2,NAMOA_dr_goal_epsilon,0.0,exact,True,296,exact,296,2,0.0,0.605210481,0.924544411,0.139979578,1.671113546,137,171681,201525,0,BAY_0025_m2_e0.0_2501af95dbc2da54.json
BAY,0025,2,apex_open_merge,0.2,epsilon_cover,True,5,exact,296,2,0.03956668178136913,0.639946144,0.983009946,0.009638283,1.635238634,69,0,1,0,BAY_0025_m2_e0.2_748a34d4a912bb98.json
BAY,0025,3,apex_open_merge,0.2,epsilon_cover,True,10,unavailable_single_config,10,1,,0.734891044,0.999450833,0.031860806,1.769921658,71,36454,36454,9344,BAY_0025_m3_e0.2_bdcb8fb821b2d241.json
BAY,0025,5,apex_open_merge,0.2,epsilon_cover,True,12,unavailable_single_config,12,1,,0.735206274,1.090495173,0.047064247,1.877970231,70,33419,33419,8609,BAY_0025_m5_e0.2_8a66aad39e1dc84b.json
BAY,0026,2,NAMOA_dr_goal_epsilon,0.0,exact,True,54,exact,54,2,0.0,0.743763507,0.32598129,0.012787222,1.085133851,137,11339,14570,0,BAY_0026_m2_e0.0_c6ecc45b3185b9df.json
BAY,0026,2,apex_open_merge,0.2,epsilon_cover,True,3,exact,54,2,0.03385457388584823,0.629998854,0.306142894,0.009209966,0.948135461,69,0,1,0,BAY_0026_m2_e0.2_85cf1be82ed7fcfa.json
BAY,0026,3,apex_open_merge,0.2,epsilon_cover,True,11,unavailable_single_config,11,1,,0.757800137,0.495409246,0.026928897,1.284125916,70,27960,28615,7338,BAY_0026_m3_e0.2_2953c093f37bee9b.json
BAY,0026,5,apex_open_merge,0.2,epsilon_cover,True,24,unavailable_single_config,24,1,,0.734414917,0.609018609,0.048825969,1.396887019,72,51270,52232,18148,BAY_0026_m5_e0.2_058b146765b8df4b.json
BAY,0027,2,NAMOA_dr_goal_epsilon,0.0,exact,True,12,exact,12,2,0.0,0.734370673,0.262924673,0.006349487,1.00490584,137,1421,1489,0,BAY_0027_m2_e0.0_f3e910d2aa8493fc.json
BAY,0027,2,apex_open_merge,0.2,epsilon_cover,True,4,exact,12,2,0.0032998753936994696,0.629359779,0.257703118,0.009265755,0.898930194,69,0,1,0,BAY_0027_m2_e0.2_4d0ca9c705a78e9e.json
BAY,0027,3,apex_open_merge,0.2,epsilon_cover,True,5,unavailable_single_config,5,1,,0.73746213,0.36433396,0.011522281,1.116114661,69,3403,3403,1340,BAY_0027_m3_e0.2_f503d4d4d8d6ede5.json
BAY,0027,5,apex_open_merge,0.2,epsilon_cover,True,9,unavailable_single_config,9,1,,0.636271804,0.528224518,0.012697452,1.180570242,68,6377,6377,2356,BAY_0027_m5_e0.2_a57ea081a73473c6.json
BAY,0028,2,NAMOA_dr_goal_epsilon,0.0,exact,True,10,exact,10,2,0.0,0.726253386,0.249748994,0.005834098,0.983283376,137,1209,1355,0,BAY_0028_m2_e0.0_8a4f9c64a87b47be.json
BAY,0028,2,apex_open_merge,0.2,epsilon_cover,True,3,exact,10,2,0.041272722688651786,0.669081126,0.206095491,0.008867696,0.886251638,68,0,1,0,BAY_0028_m2_e0.2_0855a1281343b40d.json
BAY,0028,3,apex_open_merge,0.2,epsilon_cover,True,7,unavailable_single_config,7,1,,0.619643743,0.343147063,0.010358762,0.976373243,68,0,1,0,BAY_0028_m3_e0.2_4c91315ca4fbcc0a.json
BAY,0028,5,apex_open_merge,0.2,epsilon_cover,True,10,unavailable_single_config,10,1,,0.620861771,0.458609975,0.009744004,1.091618392,68,80,80,7,BAY_0028_m5_e0.2_188e733618510c18.json
BAY,0029,2,NAMOA_dr_goal_epsilon,0.0,exact,True,14,exact,14,2,0.0,0.730880943,0.320193831,0.00608004,1.058268775,140,1678,2013,0,BAY_0029_m2_e0.0_552a128d7e2d287c.json
BAY,0029,2,apex_open_merge,0.2,epsilon_cover,True,5,exact,14,2,0.019588116341539452,0.745487352,0.363641758,0.012517863,1.125777677,69,0,1,0,BAY_0029_m2_e0.2_9cec16d218423af7.json
BAY,0029,3,apex_open_merge,0.2,epsilon_cover,True,10,unavailable_single_config,10,1,,0.609376252,0.402042796,0.010163348,1.024298134,69,26,26,2,BAY_0029_m3_e0.2_bcb3d3f889038c20.json
BAY,0029,5,apex_open_merge,0.2,epsilon_cover,True,9,unavailable_single_config,9,1,,0.775184969,0.624950494,0.013235551,1.417690288,68,137,137,6,BAY_0029_m5_e0.2_a98198bba3f391ae.json
BAY,0030,2,NAMOA_dr_goal_epsilon,0.0,exact,True,167,exact,167,2,0.0,0.733507099,1.067534412,0.092083789,1.894741887,165,144673,180692,0,BAY_0030_m2_e0.0_432da86a2e3c79ed.json
BAY,0030,2,apex_open_merge,0.2,epsilon_cover,True,4,exact,167,2,0.039895590083099286,0.685780432,0.875765919,0.008786273,1.572488715,69,0,1,0,BAY_0030_m2_e0.2_7697cf8146f9e612.json
BAY,0030,3,apex_open_merge,0.2,epsilon_cover,True,10,unavailable_single_config,10,1,,0.750359346,0.854958447,0.031637242,1.641994891,70,31070,31070,6616,BAY_0030_m3_e0.2_ae3dd853bf5387e8.json
BAY,0030,5,apex_open_merge,0.2,epsilon_cover,True,12,unavailable_single_config,12,1,,0.617243907,0.751193848,0.014826644,1.386788607,69,12371,12371,3190,BAY_0030_m5_e0.2_ba728d9caeb056a7.json
COL,0001,2,NAMOA_dr_goal_epsilon,0.0,exact,True,96,exact,96,2,0.0,0.982756954,1.146644737,0.029743784,2.16124681,203,44962,49177,0,COL_0001_m2_e0.0_016993892b647920.json
COL,0001,2,apex_open_merge,0.2,epsilon_cover,True,5,exact,96,2,0.018854066408150683,0.797994477,0.900723059,0.011719968,1.713735713,89,0,1,0,COL_0001_m2_e0.2_db37195ecf8d7041.json
COL,0001,3,apex_open_merge,0.2,epsilon_cover,True,11,unavailable_single_config,11,1,,0.940717956,1.118191164,0.034388974,2.100391026,89,48692,48868,16935,COL_0001_m3_e0.2_a76e74a650e6ea46.json
COL,0001,5,apex_open_merge,0.2,epsilon_cover,True,13,unavailable_single_config,13,1,,0.954677655,1.245507041,1.381336967,3.599313224,214,918175,921961,302657,COL_0001_m5_e0.2_70a75be914d7da76.json
COL,0002,2,NAMOA_dr_goal_epsilon,0.0,exact,True,225,exact,225,2,0.0,0.995289688,1.591992064,0.946294424,3.53975114,203,815362,922240,0,COL_0002_m2_e0.0_23a209952ab69c79.json
COL,0002,2,apex_open_merge,0.2,epsilon_cover,True,7,exact,225,2,0.009702043059137022,0.989384301,1.42156932,0.013719436,2.428372789,89,0,1,0,COL_0002_m2_e0.2_454dee23a5c211f7.json
COL,0002,3,apex_open_merge,0.2,epsilon_cover,True,11,unavailable_single_config,11,1,,0.952508065,1.484459003,0.765832287,3.226783935,214,651577,651577,221410,COL_0002_m3_e0.2_c8190fc86f3e201b.json
COL,0002,5,apex_open_merge,0.2,epsilon_cover,True,19,unavailable_single_config,19,1,,0.79773019,1.453836673,8.736616917,11.10019311,625,4151419,4163514,1404778,COL_0002_m5_e0.2_3835be953b854d68.json
COL,0003,2,NAMOA_dr_goal_epsilon,0.0,exact,True,382,exact,382,2,0.0,1.012305439,1.388100661,0.35599558,2.760933757,203,418570,477101,0,COL_0003_m2_e0.0_ad0cf09e502c40ac.json
COL,0003,2,apex_open_merge,0.2,epsilon_cover,True,4,exact,382,2,0.03703485246176852,0.950253326,1.260633701,0.011617593,2.225846358,89,0,1,0,COL_0003_m2_e0.2_937ff78e2d650e8a.json
COL,0003,3,apex_open_merge,0.2,epsilon_cover,True,9,unavailable_single_config,9,1,,0.972133081,1.480060888,0.014346207,2.471133386,89,0,1,0,COL_0003_m3_e0.2_9141865fb2bc3875.json
COL,0003,5,apex_open_merge,0.2,epsilon_cover,True,9,unavailable_single_config,9,1,,0.793883716,1.369906617,0.053703183,2.225107055,96,69481,69481,20562,COL_0003_m5_e0.2_cf05d9cf09ec5b3e.json
COL,0004,2,NAMOA_dr_goal_epsilon,0.0,exact,True,211,exact,211,2,0.0,0.975901316,0.741976055,0.032515556,1.753173431,203,40330,47947,0,COL_0004_m2_e0.0_1a240f9cca5f0071.json
COL,0004,2,apex_open_merge,0.2,epsilon_cover,True,5,exact,211,2,0.04161340084369347,0.813650548,0.700028026,0.014591819,1.532593569,89,0,1,0,COL_0004_m2_e0.2_93f5663f95d409d8.json
COL,0004,3,apex_open_merge,0.2,epsilon_cover,True,8,unavailable_single_config,8,1,,0.783089561,0.816398523,0.011803412,1.614632563,89,0,1,0,COL_0004_m3_e0.2_625eec2b9d914720.json
COL,0004,5,apex_open_merge,0.2,epsilon_cover,True,11,unavailable_single_config,11,1,,0.94955294,1.055689138,0.015731401,2.024039957,89,1312,1312,192,COL_0004_m5_e0.2_33276f3ee85f43fe.json
COL,0005,2,NAMOA_dr_goal_epsilon,0.0,exact,True,639,exact,639,2,0.0,1.038302334,0.631213245,0.23219674,1.903862315,252,210039,232749,0,COL_0005_m2_e0.0_26b0784249c226ce.json
COL,0005,2,apex_open_merge,0.2,epsilon_cover,True,7,exact,639,2,0.03310761458944245,0.81182953,0.550906776,0.013435543,1.380232813,89,0,1,0,COL_0005_m2_e0.2_8d22757c6db92b70.json
COL,0005,3,apex_open_merge,0.2,epsilon_cover,True,11,unavailable_single_config,11,1,,0.951861528,0.878534927,0.012578397,1.846194969,89,0,1,0,COL_0005_m3_e0.2_d2394ba00732bc88.json
COL,0005,5,apex_open_merge,0.2,epsilon_cover,True,10,unavailable_single_config,10,1,,0.982455047,1.103796243,0.030435211,2.121955813,89,31570,31570,8261,COL_0005_m5_e0.2_99a1978f73707c10.json
COL,0006,2,NAMOA_dr_goal_epsilon,0.0,exact,True,22,exact,22,2,0.0,0.80560354,0.649541889,0.01034138,1.468219235,252,8215,8289,0,COL_0006_m2_e0.0_a12e9b0495bc2378.json
COL,0006,2,apex_open_merge,0.2,epsilon_cover,True,4,exact,22,2,0.00040775572535922677,0.963237691,0.685372747,0.013616453,1.665729798,89,0,1,0,COL_0006_m2_e0.2_aeeea938422fdb6f.json
COL,0006,3,apex_open_merge,0.2,epsilon_cover,True,10,unavailable_single_config,10,1,,0.815828307,0.705313514,0.013444037,1.53868489,89,0,1,0,COL_0006_m3_e0.2_9d79adaeebc8f923.json
COL,0006,5,apex_open_merge,0.2,epsilon_cover,True,8,unavailable_single_config,8,1,,0.819447442,0.917303266,0.015438993,1.757282301,89,0,1,0,COL_0006_m5_e0.2_0c84fba356586e18.json
COL,0007,2,NAMOA_dr_goal_epsilon,0.0,exact,True,615,exact,615,2,0.0,0.971799295,1.331081396,0.363851851,2.670069421,252,365508,412588,0,COL_0007_m2_e0.0_424a1c1569e6405c.json
COL,0007,2,apex_open_merge,0.2,epsilon_cover,True,6,exact,615,2,0.019059742964526727,0.966544457,1.393261192,0.013689935,2.377246342,89,0,1,0,COL_0007_m2_e0.2_cf65c7f35de7f7d1.json
COL,0007,3,apex_open_merge,0.2,epsilon_cover,True,10,unavailable_single_config,10,1,,0.95655326,1.185306205,0.011792357,2.157139662,89,0,1,0,COL_0007_m3_e0.2_bf2925cd96b894e3.json
COL,0007,5,apex_open_merge,0.2,epsilon_cover,True,12,unavailable_single_config,12,1,,0.961394634,1.209865271,0.122692019,2.299373931,117,140064,140064,66938,COL_0007_m5_e0.2_a575b071f1407b52.json
COL,0008,2,NAMOA_dr_goal_epsilon,0.0,exact,True,553,exact,553,2,0.0,0.979744436,0.625249037,0.365330138,1.976807305,252,287816,323197,0,COL_0008_m2_e0.0_4ae4f10e2845c0d6.json
COL,0008,2,apex_open_merge,0.2,epsilon_cover,True,6,exact,553,2,0.019453534366623115,0.819922253,0.54841759,0.015565972,1.389081946,89,0,1,0,COL_0008_m2_e0.2_837e9e4db1918f1b.json
COL,0008,3,apex_open_merge,0.2,epsilon_cover,True,9,unavailable_single_config,9,1,,0.816119747,0.763706998,0.014469857,1.599230848,89,0,1,0,COL_0008_m3_e0.2_97b2a5e20e536dbf.json
COL,0008,5,apex_open_merge,0.2,epsilon_cover,True,11,unavailable_single_config,11,1,,0.812415747,0.910198088,0.073816104,1.802742117,99,104544,104544,31990,COL_0008_m5_e0.2_a549150c683a74d8.json
COL,0009,2,NAMOA_dr_goal_epsilon,0.0,exact,True,3,exact,3,2,0.0,0.949718108,0.303655014,0.007396338,1.262629785,252,55,57,0,COL_0009_m2_e0.0_32c534e83f7fcd19.json
COL,0009,2,apex_open_merge,0.2,epsilon_cover,True,2,exact,3,2,0.0007389542342950417,0.969470507,0.31619961,0.013573293,1.302968566,89,0,1,0,COL_0009_m2_e0.2_b16ceb869abb4db8.json
COL,0009,3,apex_open_merge,0.2,epsilon_cover,True,4,unavailable_single_config,4,1,,0.958558475,0.457969429,0.013473112,1.433182799,89,0,1,0,COL_0009_m3_e0.2_d3047e5715dd533c.json
COL,0009,5,apex_open_merge,0.2,epsilon_cover,True,6,unavailable_single_config,6,1,,1.013901787,0.752089172,0.014845177,1.786047681,89,0,1,0,COL_0009_m5_e0.2_1246595540d36db5.json
COL,0010,2,NAMOA_dr_goal_epsilon,0.0,exact,True,141,exact,141,2,0.0,0.882186452,0.554288501,0.109842771,1.548101166,252,195690,216239,0,COL_0010_m2_e0.0_3f2e50e98d1eb953.json
COL,0010,2,apex_open_merge,0.2,epsilon_cover,True,6,exact,141,2,0.010465982669671137,0.795658276,0.570987222,0.014102869,1.384799188,89,0,1,0,COL_0010_m2_e0.2_6cc476ca4d4fd32f.json
COL,0010,3,apex_open_merge,0.2,epsilon_cover,True,10,unavailable_single_config,10,1,,0.800757456,0.779878418,0.011806801,1.595484207,89,671,671,116,COL_0010_m3_e0.2_870b5654b5f79337.json
COL,0010,5,apex_open_merge,0.2,epsilon_cover,True,14,unavailable_single_config,14,1,,0.97152175,1.119604067,0.351456347,2.455292751,158,355721,357610,117608,COL_0010_m5_e0.2_211a42ec6bbcfeee.json
COL,0011,2,NAMOA_dr_goal_epsilon,0.0,exact,True,79,exact,79,2,0.0,0.974984637,1.128673453,0.024756998,2.130607705,252,30466,35975,0,COL_0011_m2_e0.0_e77281a018503e70.json
COL,0011,2,apex_open_merge,0.2,epsilon_cover,True,6,exact,79,2,0.008290958717542152,0.817408773,0.974511614,0.012530199,1.808393796,89,0,1,0,COL_0011_m2_e0.2_464f3f1e44b45c70.json
COL,0011,3,apex_open_merge,0.2,epsilon_cover,True,8,unavailable_single_config,8,1,,0.802437907,1.034092859,0.011881734,1.851918098,89,0,1,0,COL_0011_m3_e0.2_dca377c6c3033758.json
COL,0011,5,apex_open_merge,0.2,epsilon_cover,True,10,unavailable_single_config,10,1,,0.977007222,1.376199016,0.492368903,2.856958974,158,334713,334713,181165,COL_0011_m5_e0.2_4d15881e6044cee9.json
COL,0012,2,NAMOA_dr_goal_epsilon,0.0,exact,True,1886,exact,1886,2,0.0,0.947166499,1.126633399,13.40749972,15.50784114,547,4657040,5126268,0,COL_0012_m2_e0.0_f59790e5cf023b83.json
COL,0012,2,apex_open_merge,0.2,epsilon_cover,True,8,exact,1886,2,0.031725289164808324,0.800052709,1.065802403,0.014535394,1.885168021,89,0,1,0,COL_0012_m2_e0.2_c08cb4f0dcc78c70.json
COL,0012,3,apex_open_merge,0.2,epsilon_cover,True,11,unavailable_single_config,11,1,,0.955377904,1.290082783,0.014298383,2.264342,89,9442,9442,1634,COL_0012_m3_e0.2_b6b23d1cb78546da.json
COL,0012,5,apex_open_merge,0.2,epsilon_cover,True,19,unavailable_single_config,19,1,,0.974499698,1.391769457,6.019534175,8.446813041,575,2861948,2867310,943202,COL_0012_m5_e0.2_7b1f458dea63d440.json
COL,0013,2,NAMOA_dr_goal_epsilon,0.0,exact,True,237,exact,237,2,0.0,0.790744695,0.643128641,0.065617914,1.50150071,282,95442,102677,0,COL_0013_m2_e0.0_3ec98a1f5b234b33.json
COL,0013,2,apex_open_merge,0.2,epsilon_cover,True,5,exact,237,2,0.002998522270397652,0.798865252,0.668265534,0.011305374,1.48249451,89,0,1,0,COL_0013_m2_e0.2_03c932a529651d4e.json
COL,0013,3,apex_open_merge,0.2,epsilon_cover,True,10,unavailable_single_config,10,1,,0.809863074,0.976426156,0.021300168,1.812387206,89,20376,20376,6667,COL_0013_m3_e0.2_43a82bbfe1c9a8cf.json
COL,0013,5,apex_open_merge,0.2,epsilon_cover,True,12,unavailable_single_config,12,1,,0.951605763,1.124680788,0.126135695,2.214435238,119,156223,157094,39974,COL_0013_m5_e0.2_2bfc66907717eec6.json
COL,0014,2,NAMOA_dr_goal_epsilon,0.0,exact,True,62,exact,62,2,0.0,0.804315254,0.566690728,0.015561647,1.388726687,298,23934,26596,0,COL_0014_m2_e0.0_1c66f1f9a73f46f0.json
COL,0014,2,apex_open_merge,0.2,epsilon_cover,True,5,exact,62,2,0.010563550178619208,0.778213977,0.535267494,0.011526046,1.327946593,89,0,1,0,COL_0014_m2_e0.2_60f2478c113b67a5.json
COL,0014,3,apex_open_merge,0.2,epsilon_cover,True,10,unavailable_single_config,10,1,,0.80483525,0.644543355,0.011356061,1.464490432,89,0,1,0,COL_0014_m3_e0.2_ee9b964c1b30f200.json
COL,0014,5,apex_open_merge,0.2,epsilon_cover,True,10,unavailable_single_config,10,1,,0.980079901,1.024822339,0.096967398,2.111374235,102,125583,126097,30353,COL_0014_m5_e0.2_ac1c4a36a2804d15.json
COL,0015,2,NAMOA_dr_goal_epsilon,0.0,exact,True,531,exact,531,2,0.0,0.801679754,1.35758263,1.123293987,3.289210054,303,1239054,1468951,0,COL_0015_m2_e0.0_7c5575d356e4364c.json
COL,0015,2,apex_open_merge,0.2,epsilon_cover,True,7,exact,531,2,0.0672082165692951,0.955882484,1.43687692,0.01224185,2.40848982,89,0,1,0,COL_0015_m2_e0.2_693119b689ff0c65.json
COL,0015,3,apex_open_merge,0.2,epsilon_cover,True,10,unavailable_single_config,10,1,,0.972792678,1.355408832,0.490746427,2.834535804,158,429377,429377,129036,COL_0015_m3_e0.2_b3e89f7decff1752.json
COL,0015,5,apex_open_merge,0.2,epsilon_cover,True,19,unavailable_single_config,19,1,,0.816190204,1.333679387,2.101060124,4.285362579,326,1205082,1213761,392883,COL_0015_m5_e0.2_ed90613db0d8d7e7.json
COL,0016,2,NAMOA_dr_goal_epsilon,0.0,exact,True,20,exact,20,2,0.0,0.949648641,0.581295163,0.009216538,1.542133936,303,6410,7468,0,COL_0016_m2_e0.0_99fd7ebfaeb65d74.json
COL,0016,2,apex_open_merge,0.2,epsilon_cover,True,4,exact,20,2,0.03300036380110383,0.791578201,0.544990525,0.011599251,1.351010844,89,0,1,0,COL_0016_m2_e0.2_79e1baa25ba94d8c.json
COL,0016,3,apex_open_merge,0.2,epsilon_cover,True,8,unavailable_single_config,8,1,,0.776545209,0.628583645,0.011783663,1.41987477,89,0,1,0,COL_0016_m3_e0.2_a08441fa204e6ace.json
COL,0016,5,apex_open_merge,0.2,epsilon_cover,True,10,unavailable_single_config,10,1,,0.806046564,0.785191852,0.012848075,1.607454316,89,219,219,18,COL_0016_m5_e0.2_67b45ba0df365244.json
COL,0017,2,NAMOA_dr_goal_epsilon,0.0,exact,True,390,exact,390,2,0.0,0.809790003,1.34030884,3.469629964,5.627914208,323,2397919,2889950,0,COL_0017_m2_e0.0_79637df9c9968d38.json
COL,0017,2,apex_open_merge,0.2,epsilon_cover,True,7,exact,390,2,0.011540594363279366,0.97305521,1.544670707,0.014671438,2.537046187,89,0,1,0,COL_0017_m2_e0.2_cba40d2fa67e298c.json
COL,0017,3,apex_open_merge,0.2,epsilon_cover,True,11,unavailable_single_config,11,1,,0.799779523,1.28561626,1.40436566,3.509715524,326,1094841,1094841,394296,COL_0017_m3_e0.2_b279c8cef824a8c5.json
COL,0017,5,apex_open_merge,0.2,time_limit,False,14,unavailable_single_config,14,1,,0.975402353,1.55482684,30.00031275,32.63891655,1945,11009714,11035660,4407457,COL_0017_m5_e0.2_cd2598440b896bd0.json
COL,0018,2,NAMOA_dr_goal_epsilon,0.0,exact,True,94,exact,94,2,0.0,0.976576411,1.154226574,0.290484104,2.426171388,312,413270,503861,0,COL_0018_m2_e0.0_07e732475502d875.json
COL,0018,2,apex_open_merge,0.2,epsilon_cover,True,5,exact,94,2,0.027525285528879007,0.956247067,1.118723906,0.012380851,2.090757821,92,0,1,0,COL_0018_m2_e0.2_523487c49501a30c.json
COL,0018,3,apex_open_merge,0.2,epsilon_cover,True,9,unavailable_single_config,9,1,,0.803394952,0.97927024,0.014369453,1.801207998,92,0,1,0,COL_0018_m3_e0.2_61189f6e99448e01.json
COL,0018,5,apex_open_merge,0.2,epsilon_cover,True,31,unavailable_single_config,31,1,,0.917604553,1.173499263,2.044673196,4.18433708,328,1164594,1167024,440338,COL_0018_m5_e0.2_93e4188683cb0707.json
COL,0019,2,NAMOA_dr_goal_epsilon,0.0,exact,True,10,exact,10,2,0.0,0.94908475,1.200039959,0.007896458,2.158881906,323,4369,5083,0,COL_0019_m2_e0.0_e58284451374705d.json
COL,0019,2,apex_open_merge,0.2,epsilon_cover,True,3,exact,10,2,0.0028977457752916713,0.976769664,1.305230308,0.012706878,2.298977909,93,0,1,0,COL_0019_m2_e0.2_f969d8cfb4e3bccc.json
COL,0019,3,apex_open_merge,0.2,epsilon_cover,True,7,unavailable_single_config,7,1,,0.799339704,0.982405902,0.011911742,1.796789135,93,0,1,0,COL_0019_m3_e0.2_97f97c54249962b4.json
COL,0019,5,apex_open_merge,0.2,epsilon_cover,True,10,unavailable_single_config,10,1,,0.801134615,1.044335149,0.011219996,1.859926445,93,0,1,0,COL_0019_m5_e0.2_ca74d14f1325bebe.json
COL,0020,2,NAMOA_dr_goal_epsilon,0.0,exact,True,433,exact,433,2,0.0,0.966383622,1.532118492,9.156520077,11.67001273,547,5595646,6387585,0,COL_0020_m2_e0.0_27f0385d19476edf.json
COL,0020,2,apex_open_merge,0.2,epsilon_cover,True,6,exact,433,2,0.04301618501367166,0.955047627,1.448340714,0.014133495,2.420994099,93,0,1,0,COL_0020_m2_e0.2_8ac0bbf778a2592d.json
COL,0020,3,apex_open_merge,0.2,epsilon_cover,True,11,unavailable_single_config,11,1,,0.782592304,1.239297514,0.149664094,2.184147186,126,220532,220532,55627,COL_0020_m3_e0.2_57772a4b1f88d94a.json
COL,0020,5,apex_open_merge,0.2,epsilon_cover,True,14,unavailable_single_config,14,1,,0.801848422,1.419431616,20.52884815,22.85926627,1048,7649602,7660088,2561326,COL_0020_m5_e0.2_094d2d69bbfe7cb5.json
COL,0021,2,NAMOA_dr_goal_epsilon,0.0,exact,True,81,exact,81,2,0.0,0.960063552,0.829948431,0.122606543,1.914644809,485,157185,187148,0,COL_0021_m2_e0.0_d94141c29c52e473.json
COL,0021,2,apex_open_merge,0.2,epsilon_cover,True,5,exact,81,2,0.014550385542782207,0.818764903,0.718305489,0.01309974,1.554483286,95,0,1,0,COL_0021_m2_e0.2_bc0f19281bf4e195.json
COL,0021,3,apex_open_merge,0.2,epsilon_cover,True,9,unavailable_single_config,9,1,,0.960311904,0.84682101,0.013102631,1.823571884,96,0,1,0,COL_0021_m3_e0.2_388f594913e62374.json
COL,0021,5,apex_open_merge,0.2,epsilon_cover,True,10,unavailable_single_config,10,1,,0.797143919,1.021106865,0.013270503,1.836299511,96,0,1,0,COL_0021_m5_e0.2_f0f2e0ee56ab47b8.json
COL,0022,2,NAMOA_dr_goal_epsilon,0.0,exact,True,870,exact,870,2,0.0,0.797309165,1.122699498,0.991964963,2.916119853,490,854430,932367,0,COL_0022_m2_e0.0_2cbab59021af142c.json
COL,0022,2,apex_open_merge,0.2,epsilon_cover,True,8,exact,870,2,0.035862009378239135,0.800800889,1.025021477,0.011118086,1.839796755,96,0,1,0,COL_0022_m2_e0.2_eba1c500c7334dc0.json
COL,0022,3,apex_open_merge,0.2,epsilon_cover,True,12,unavailable_single_config,12,1,,0.962227605,1.132090786,0.01149647,2.110162522,96,0,1,0,COL_0022_m3_e0.2_6c3c35f3332d5797.json
COL,0022,5,apex_open_merge,0.2,epsilon_cover,True,13,unavailable_single_config,13,1,,0.789580972,1.103612186,0.269686089,2.173602728,158,310090,311364,63970,COL_0022_m5_e0.2_1ea2879b6e17fd53.json
COL,0023,2,NAMOA_dr_goal_epsilon,0.0,exact,True,25,exact,25,2,0.0,0.807838207,1.275150337,0.015358936,2.100468198,485,18147,21158,0,COL_0023_m2_e0.0_949ad02980aa5e8a.json
COL,0023,2,apex_open_merge,0.2,epsilon_cover,True,4,exact,25,2,0.003086025199543041,0.973558303,1.45203104,0.013314909,2.443457774,97,0,1,0,COL_0023_m2_e0.2_2a8dbfcb839d475f.json
COL,0023,3,apex_open_merge,0.2,epsilon_cover,True,10,unavailable_single_config,10,1,,0.821538502,1.455914854,0.013432174,2.29497328,97,0,1,0,COL_0023_m3_e0.2_80eb6f2ccd2d933d.json
COL,0023,5,apex_open_merge,0.2,epsilon_cover,True,12,unavailable_single_config,12,1,,0.801890167,1.337006882,0.573667891,2.724936706,214,625124,625765,227379,COL_0023_m5_e0.2_1e3021a07ba71361.json
COL,0024,2,NAMOA_dr_goal_epsilon,0.0,exact,True,9,exact,9,2,0.0,0.949311738,0.665113302,0.007575013,1.624163055,490,1420,1457,0,COL_0024_m2_e0.0_237bfef0fb2c1b8c.json
COL,0024,2,apex_open_merge,0.2,epsilon_cover,True,3,exact,9,2,0.0010288087429859427,0.952772895,0.688651787,0.013708046,1.658522699,100,0,1,0,COL_0024_m2_e0.2_5acb590c1cbd0206.json
COL,0024,3,apex_open_merge,0.2,epsilon_cover,True,8,unavailable_single_config,8,1,,0.785195563,0.744876295,0.020342317,1.555355538,101,27307,27307,4518,COL_0024_m3_e0.2_f8063309a7a39741.json
COL,0024,5,apex_open_merge,0.2,epsilon_cover,True,10,unavailable_single_config,10,1,,0.987429355,1.062409371,0.032202164,2.08745942,102,35398,35524,6788,COL_0024_m5_e0.2_377a0f889e20a986.json
COL,0025,2,NAMOA_dr_goal_epsilon,0.0,exact,True,258,exact,258,2,0.0,0.815839785,1.25599019,0.657392109,2.732980145,517,659192,803975,0,COL_0025_m2_e0.0_e55c95d86a5a682a.json
COL,0025,2,apex_open_merge,0.2,epsilon_cover,True,6,exact,258,2,0.005698144590060572,0.800184,1.199488282,0.014982973,2.018883409,102,0,1,0,COL_0025_m2_e0.2_3198ffab4a3da893.json
COL,0025,3,apex_open_merge,0.2,epsilon_cover,True,10,unavailable_single_config,10,1,,0.821704669,1.181910103,0.057364545,2.067112916,102,83335,83335,23567,COL_0025_m3_e0.2_825682128a685fb2.json
COL,0025,5,apex_open_merge,0.2,epsilon_cover,True,12,unavailable_single_config,12,1,,0.796118572,1.152360257,1.88452796,3.852208748,332,1144696,1144696,411166,COL_0025_m5_e0.2_8a83e192bc205f9f.json
COL,0026,2,NAMOA_dr_goal_epsilon,0.0,exact,True,176,exact,176,2,0.0,0.946868317,1.184071585,1.087785959,3.222453568,517,871343,1073251,0,COL_0026_m2_e0.0_0d875190f2c9a406.json
COL,0026,2,apex_open_merge,0.2,epsilon_cover,True,6,exact,176,2,0.007378579101579907,0.802980491,1.153834795,0.013718037,1.97466285,106,0,1,0,COL_0026_m2_e0.2_7c993f35dc8b5c42.json
COL,0026,3,apex_open_merge,0.2,epsilon_cover,True,10,unavailable_single_config,10,1,,0.797224443,1.244793988,0.020645394,2.067346841,107,14296,14296,5708,COL_0026_m3_e0.2_dcf79c411297b265.json
COL,0026,5,apex_open_merge,0.2,epsilon_cover,True,14,unavailable_single_config,14,1,,0.782445145,1.258292936,1.236214417,3.298179136,221,1035683,1040834,305723,COL_0026_m5_e0.2_d0d9d9aebccbee99.json
COL,0027,2,NAMOA_dr_goal_epsilon,0.0,exact,True,197,exact,197,2,0.0,0.790420337,0.87743476,0.164357461,1.834371923,517,268586,286468,0,COL_0027_m2_e0.0_b441a7d577781e0c.json
COL,0027,2,apex_open_merge,0.2,epsilon_cover,True,4,exact,197,2,0.008522553786051157,0.792781958,0.917861696,0.013443439,1.728535818,110,0,1,0,COL_0027_m2_e0.2_c17bd56c6b8356fa.json
COL,0027,3,apex_open_merge,0.2,epsilon_cover,True,9,unavailable_single_config,9,1,,0.791645138,1.093589463,0.013678537,1.903247227,110,0,1,0,COL_0027_m3_e0.2_2a9f46f9044b608e.json
COL,0027,5,apex_open_merge,0.2,epsilon_cover,True,10,unavailable_single_config,10,1,,0.953769304,1.240288527,0.012069606,2.209350227,110,0,1,0,COL_0027_m5_e0.2_5a3df7c211d38260.json
COL,0028,2,NAMOA_dr_goal_epsilon,0.0,exact,True,2702,exact,2702,2,0.0,0.814276335,1.067217486,14.87242463,16.76913749,547,4426975,4881215,0,COL_0028_m2_e0.0_4f6067ae8b6d02bb.json
COL,0028,2,apex_open_merge,0.2,epsilon_cover,True,6,exact,2702,2,0.048620548768275595,0.970123963,1.2064981,0.013630374,2.194122822,110,0,1,0,COL_0028_m2_e0.2_8623dd72e524353f.json
COL,0028,3,apex_open_merge,0.2,epsilon_cover,True,10,unavailable_single_config,10,1,,0.976178296,1.176801563,0.016309295,2.173931579,111,0,1,0,COL_0028_m3_e0.2_6544f9ab92ecba82.json
COL,0028,5,apex_open_merge,0.2,epsilon_cover,True,15,unavailable_single_config,15,1,,0.969071714,1.243043746,6.343288302,8.604168694,558,3652011,3662274,1401790,COL_0028_m5_e0.2_9020915cf0987f4f.json
COL,0029,2,NAMOA_dr_goal_epsilon,0.0,exact,True,30,exact,30,2,0.0,0.960104161,0.647780887,0.014553805,1.624656782,517,16274,19411,0,COL_0029_m2_e0.0_48e441b740edf436.json
COL,0029,2,apex_open_merge,0.2,epsilon_cover,True,4,exact,30,2,0.008738184086922729,0.800531653,0.525951108,0.012305831,1.342551219,111,0,1,0,COL_0029_m2_e0.2_e260df17e9eafb32.json
COL,0029,3,apex_open_merge,0.2,epsilon_cover,True,9,unavailable_single_config,9,1,,0.889017407,0.761181656,0.017861667,1.672375922,112,3761,3761,988,COL_0029_m3_e0.2_248756d74c95aa0f.json
COL,0029,5,apex_open_merge,0.2,epsilon_cover,True,12,unavailable_single_config,12,1,,0.801843729,0.78550232,0.016480575,1.608099179,113,8580,8614,1365,COL_0029_m5_e0.2_5fcb9cc2558c6dc9.json
COL,0030,2,NAMOA_dr_goal_epsilon,0.0,exact,True,844,exact,844,2,0.0,0.811959003,1.425804696,1.71181079,3.954938381,541,1294144,1433229,0,COL_0030_m2_e0.0_63739fa5e53a6d49.json
COL,0030,2,apex_open_merge,0.2,epsilon_cover,True,7,exact,844,2,0.022629475524947207,0.791603627,1.44437849,0.013539105,2.253605378,113,0,1,0,COL_0030_m2_e0.2_1378c3e115651a71.json
COL,0030,3,apex_open_merge,0.2,epsilon_cover,True,10,unavailable_single_config,10,1,,0.815934294,1.479760046,0.01243144,2.311687284,118,0,1,0,COL_0030_m3_e0.2_100dfa7dea94f96a.json
COL,0030,5,apex_open_merge,0.2,epsilon_cover,True,14,unavailable_single_config,14,1,,0.970110125,1.585511939,0.32669488,2.89515296,158,339362,340607,87103,COL_0030_m5_e0.2_0ded776f282c2cf7.json
NY,0001,2,NAMOA_dr_goal_epsilon,0.0,exact,True,88,exact,88,2,0.0,0.559265742,0.620218796,0.03993407,1.220678662,63,77662,93113,0,NY_0001_m2_e0.0_7108b8241b83180b.json
NY,0001,2,apex_open_merge,0.2,epsilon_cover,True,3,exact,88,2,0.02790950412103399,0.77454927,0.675422178,0.008523694,1.460408986,63,0,1,0,NY_0001_m2_e0.2_989b9a445b790f84.json
NY,0001,3,apex_open_merge,0.2,epsilon_cover,True,9,unavailable_single_config,9,1,,0.772171662,0.647709289,0.008683498,1.430667156,63,0,1,0,NY_0001_m3_e0.2_330c91de6c176baa.json
NY,0001,5,apex_open_merge,0.2,epsilon_cover,True,11,unavailable_single_config,11,1,,0.773344701,0.759071915,0.009572642,1.544055716,63,0,1,0,NY_0001_m5_e0.2_a333728871f493ec.json
NY,0002,2,NAMOA_dr_goal_epsilon,0.0,exact,True,21,exact,21,2,0.0,0.790159345,0.29033703,0.007076499,1.08891581,63,3798,4402,0,NY_0002_m2_e0.0_43229c62d1c89d28.json
NY,0002,2,apex_open_merge,0.2,epsilon_cover,True,4,exact,21,2,0.01319104869390908,0.773071605,0.279606789,0.009556277,1.064665792,63,0,1,0,NY_0002_m2_e0.2_69065eb2824512e8.json
NY,0002,3,apex_open_merge,0.2,epsilon_cover,True,10,unavailable_single_config,10,1,,0.771368216,0.364497227,0.009178037,1.147335105,63,0,1,0,NY_0002_m3_e0.2_39af8bb0a028a774.json
NY,0002,5,apex_open_merge,0.2,epsilon_cover,True,9,unavailable_single_config,9,1,,0.770636699,0.514705641,0.008370019,1.296132188,63,0,1,0,NY_0002_m5_e0.2_aa3426a34fdfb70f.json
NY,0003,2,NAMOA_dr_goal_epsilon,0.0,exact,True,498,exact,498,2,0.0,0.790949138,1.088621233,3.512852675,5.4029059,297,2433465,2831236,0,NY_0003_m2_e0.0_3faeefcc3ba82321.json
NY,0003,2,apex_open_merge,0.2,epsilon_cover,True,6,exact,498,2,0.029793759763805383,0.767983057,1.075268128,0.009505215,1.854770002,63,0,1,0,NY_0003_m2_e0.2_4ff02dea5f89a8e1.json
NY,0003,3,apex_open_merge,0.2,epsilon_cover,True,10,unavailable_single_config,10,1,,0.767175126,1.06878273,0.009436991,1.847934075,63,0,1,0,NY_0003_m3_e0.2_c9f347be5914cf2c.json
NY,0003,5,apex_open_merge,0.2,epsilon_cover,True,13,unavailable_single_config,13,1,,0.682128128,1.039538641,3.010548022,4.754029909,303,1567303,1575854,904334,NY_0003_m5_e0.2_f9c484b723d7d396.json
NY,0004,2,NAMOA_dr_goal_epsilon,0.0,exact,True,5,exact,5,2,0.0,0.790024408,0.64684952,0.006054484,1.444371786,63,818,1015,0,NY_0004_m2_e0.0_0311687623af7db3.json
NY,0004,2,apex_open_merge,0.2,epsilon_cover,True,3,exact,5,2,0.017689953674325576,0.731378972,0.611466308,0.006070296,1.350698631,63,0,1,0,NY_0004_m2_e0.2_fdf93d3573e6ad02.json
NY,0004,3,apex_open_merge,0.2,epsilon_cover,True,8,unavailable_single_config,8,1,,0.724087817,0.5917231,0.007885032,1.325593416,63,0,1,0,NY_0004_m3_e0.2_bbbd7efe88446094.json
NY,0004,5,apex_open_merge,0.2,epsilon_cover,True,9,unavailable_single_config,9,1,,0.725737532,0.662603416,0.008550694,1.398605408,63,0,1,0,NY_0004_m5_e0.2_5b8695e6602cdd28.json
NY,0005,2,NAMOA_dr_goal_epsilon,0.0,exact,True,41,exact,41,2,0.0,0.789633355,0.407867394,0.013666088,1.212513063,63,17219,22602,0,NY_0005_m2_e0.0_10560698a02d08db.json
NY,0005,2,apex_open_merge,0.2,epsilon_cover,True,5,exact,41,2,0.06366118080731686,0.723215712,0.378023415,0.00577776,1.108842784,63,0,1,0,NY_0005_m2_e0.2_ce85bd0c39f57be2.json
NY,0005,3,apex_open_merge,0.2,epsilon_cover,True,9,unavailable_single_config,9,1,,0.72386303,0.433008758,0.016301756,1.175711207,63,13808,13808,5390,NY_0005_m3_e0.2_34e1d182d0a25f23.json
NY,0005,5,apex_open_merge,0.2,epsilon_cover,True,10,unavailable_single_config,10,1,,0.762224856,0.59127852,0.03241112,1.389512473,63,30596,31304,14103,NY_0005_m5_e0.2_a7401bdee6ad2884.json
NY,0006,2,NAMOA_dr_goal_epsilon,0.0,exact,True,74,exact,74,2,0.0,0.787442143,0.452183552,0.025397056,1.266604606,63,40223,48022,0,NY_0006_m2_e0.0_7bb68c2a0e7a8ce2.json
NY,0006,2,apex_open_merge,0.2,epsilon_cover,True,7,exact,74,2,0.037880061806148335,0.722958869,0.416136221,0.007971759,1.148920581,63,0,1,0,NY_0006_m2_e0.2_b0acaa5ee52bbbe6.json
NY,0006,3,apex_open_merge,0.2,epsilon_cover,True,10,unavailable_single_config,10,1,,0.671384857,0.482017404,0.008446203,1.164062884,63,872,872,272,NY_0006_m3_e0.2_bac849e39b6ddadd.json
NY,0006,5,apex_open_merge,0.2,epsilon_cover,True,11,unavailable_single_config,11,1,,0.684739043,0.638497993,0.012642251,1.338320082,63,6324,6324,1554,NY_0006_m5_e0.2_9e63a1a5fed81c45.json
NY,0007,2,NAMOA_dr_goal_epsilon,0.0,exact,True,54,exact,54,2,0.0,0.786981771,1.060126022,0.083062933,1.93159227,63,88402,120207,0,NY_0007_m2_e0.0_46fe8dfa0d93f4b5.json
NY,0007,2,apex_open_merge,0.2,epsilon_cover,True,6,exact,54,2,0.020365973609648647,0.686816236,1.047423557,0.008104058,1.744277996,63,0,1,0,NY_0007_m2_e0.2_58c8e1646f450731.json
NY,0007,3,apex_open_merge,0.2,epsilon_cover,True,11,unavailable_single_config,11,1,,0.674194092,1.029122047,0.026702572,1.733924039,63,28240,28240,11403,NY_0007_m3_e0.2_c7d71a91be33bdf3.json
NY,0007,5,apex_open_merge,0.2,epsilon_cover,True,13,unavailable_single_config,13,1,,0.666859821,0.871204492,0.110464244,1.653406168,78,128445,128456,60154,NY_0007_m5_e0.2_0fd4b4756ac58a70.json
NY,0008,2,NAMOA_dr_goal_epsilon,0.0,exact,True,33,exact,33,2,0.0,0.784590754,0.791225022,0.028509788,1.605646645,63,37532,53429,0,NY_0008_m2_e0.0_a1ba970c1932842d.json
NY,0008,2,apex_open_merge,0.2,epsilon_cover,True,5,exact,33,2,0.024994361699248513,0.671166756,0.878880412,0.009174979,1.561496132,63,0,1,0,NY_0008_m2_e0.2_3cd981b06565c69f.json
NY,0008,3,apex_open_merge,0.2,epsilon_cover,True,12,unavailable_single_config,12,1,,0.666498635,0.770997753,0.341293465,1.790260253,135,332877,338828,175699,NY_0008_m3_e0.2_427476a47149b14a.json
NY,0008,5,apex_open_merge,0.2,epsilon_cover,True,14,unavailable_single_config,14,1,,0.67382133,0.905540424,0.478565524,2.069176941,135,396415,402226,220868,NY_0008_m5_e0.2_2215c5ed586a1a46.json
NY,0009,2,NAMOA_dr_goal_epsilon,0.0,exact,True,139,exact,139,2,0.0,0.785622676,1.152047038,0.228684864,2.169781655,92,285246,362549,0,NY_0009_m2_e0.0_b8a0d25f70f30dfd.json
NY,0009,2,apex_open_merge,0.2,epsilon_cover,True,5,exact,139,2,0.02325911999726693,0.68144013,1.134513384,0.009194317,1.827744296,63,0,1,0,NY_0009_m2_e0.2_fa83da11ae69c829.json
NY,0009,3,apex_open_merge,0.2,epsilon_cover,True,10,unavailable_single_config,10,1,,0.672420495,1.105624611,0.007696822,1.787536657,63,0,1,0,NY_0009_m3_e0.2_97a6de452d076ec2.json
NY,0009,5,apex_open_merge,0.2,epsilon_cover,True,10,unavailable_single_config,10,1,,0.687215767,1.089683051,0.053130584,1.834197941,64,58420,58420,22198,NY_0009_m5_e0.2_863514becb20c93f.json
NY,0010,2,NAMOA_dr_goal_epsilon,0.0,exact,True,8,exact,8,2,0.0,0.785015728,0.236334215,0.00391034,1.026240594,63,227,301,0,NY_0010_m2_e0.0_c69dacc2895b432b.json
NY,0010,2,apex_open_merge,0.2,epsilon_cover,True,4,exact,8,2,0.044018307645647736,0.68880537,0.227044969,0.008867441,0.926729613,63,0,1,0,NY_0010_m2_e0.2_f2d1000bd575b88e.json
NY,0010,3,apex_open_merge,0.2,epsilon_cover,True,6,unavailable_single_config,6,1,,0.673248399,0.311883888,0.006573848,0.993877974,63,0,1,0,NY_0010_m3_e0.2_97dd7d68c34d3c6b.json
NY,0010,5,apex_open_merge,0.2,epsilon_cover,True,6,unavailable_single_config,6,1,,0.696723467,0.462972772,0.006920768,1.168755938,63,0,1,0,NY_0010_m5_e0.2_b4687d0e013bda03.json
NY,0011,2,NAMOA_dr_goal_epsilon,0.0,exact,True,115,exact,115,2,0.0,0.722905357,0.699899112,0.124718388,1.548677657,69,157465,197713,0,NY_0011_m2_e0.0_e1c7820989d84cdd.json
NY,0011,2,apex_open_merge,0.2,epsilon_cover,True,7,exact,115,2,0.03715897386117906,0.698063519,0.674709483,0.008298732,1.383216749,63,0,1,0,NY_0011_m2_e0.2_3414b0667369a211.json
NY,0011,3,apex_open_merge,0.2,epsilon_cover,True,10,unavailable_single_config,10,1,,0.662832101,0.697988973,0.101525635,1.46844469,77,117369,120354,59104,NY_0011_m3_e0.2_5ad12de5dead661b.json
NY,0011,5,apex_open_merge,0.2,epsilon_cover,True,114,unavailable_single_config,114,1,,0.679551558,0.810295588,0.434604328,1.933945129,135,301927,307693,158020,NY_0011_m5_e0.2_1d3a58e830e1719b.json
NY,0012,2,NAMOA_dr_goal_epsilon,0.0,exact,True,41,exact,41,2,0.0,0.712448832,0.549702862,0.011065581,1.274377845,63,14699,18000,0,NY_0012_m2_e0.0_caff102727714e59.json
NY,0012,2,apex_open_merge,0.2,epsilon_cover,True,6,exact,41,2,0.03646008862260497,0.684018736,0.582957051,0.009256109,1.278264132,63,0,1,0,NY_0012_m2_e0.2_dbfe8dc455f70035.json
NY,0012,3,apex_open_merge,0.2,epsilon_cover,True,11,unavailable_single_config,11,1,,0.688590654,0.59997833,0.011640238,1.302732508,63,6097,6097,1424,NY_0012_m3_e0.2_1e78d9bcc3980dea.json
NY,0012,5,apex_open_merge,0.2,epsilon_cover,True,14,unavailable_single_config,14,1,,0.681225811,0.670293469,0.096234337,1.454275865,75,92484,93234,33674,NY_0012_m5_e0.2_1968c28a64cd4109.json
NY,0013,2,NAMOA_dr_goal_epsilon,0.0,exact,True,221,exact,221,2,0.0,0.711263543,0.805773613,0.320161584,1.839420468,91,296990,377393,0,NY_0013_m2_e0.0_e31aaf907605a4a8.json
NY,0013,2,apex_open_merge,0.2,epsilon_cover,True,6,exact,221,2,0.02543037067168963,0.680737143,0.865426119,0.009211816,1.557913996,63,0,1,0,NY_0013_m2_e0.2_e716c8c5350c3647.json
NY,0013,3,apex_open_merge,0.2,epsilon_cover,True,10,unavailable_single_config,10,1,,0.673416585,0.845662274,0.151037533,1.677026337,97,165866,165866,65621,NY_0013_m3_e0.2_ae7b25f787d4368d.json
NY,0013,5,apex_open_merge,0.2,epsilon_cover,True,12,unavailable_single_config,12,1,,0.690930279,0.946362481,0.643586499,2.295005809,135,438217,442839,217295,NY_0013_m5_e0.2_5da8a7ece931ede2.json
NY,0014,2,NAMOA_dr_goal_epsilon,0.0,exact,True,85,exact,85,2,0.0,0.709545588,0.666819122,0.01736061,1.395272035,63,21473,28287,0,NY_0014_m2_e0.0_1b111b97a3eff6d0.json
NY,0014,2,apex_open_merge,0.2,epsilon_cover,True,6,exact,85,2,0.020010616228898215,0.675826636,0.700715528,0.008127049,1.386515208,63,0,1,0,NY_0014_m2_e0.2_02c2544bd20af88d.json
NY,0014,3,apex_open_merge,0.2,epsilon_cover,True,12,unavailable_single_config,12,1,,0.682995914,0.820396031,0.151386604,1.663664702,96,159682,161663,74222,NY_0014_m3_e0.2_5649099f69d810fa.json
NY,0014,5,apex_open_merge,0.2,epsilon_cover,True,14,unavailable_single_config,14,1,,0.676211306,0.824273075,0.2539109,1.763864748,106,250942,253575,125966,NY_0014_m5_e0.2_69447c0c95bb8015.json
NY,0015,2,NAMOA_dr_goal_epsilon,0.0,exact,True,59,exact,59,2,0.0,0.77801951,1.026396237,0.031934891,1.837830996,63,44854,59911,0,NY_0015_m2_e0.0_506db399b41aac76.json
NY,0015,2,apex_open_merge,0.2,epsilon_cover,True,7,exact,59,2,0.01203947761009383,0.689287127,1.000287451,0.008668055,1.700682613,63,0,1,0,NY_0015_m2_e0.2_7ff602206387f278.json
NY,0015,3,apex_open_merge,0.2,epsilon_cover,True,14,unavailable_single_config,14,1,,0.689712424,1.030138254,1.295001519,3.036203547,191,749338,756354,427998,NY_0015_m3_e0.2_c63fc3a6b5c1e7f0.json
NY,0015,5,apex_open_merge,0.2,epsilon_cover,True,24,unavailable_single_config,24,1,,0.653729904,0.879752786,3.154854696,4.728751439,303,1567015,1576944,892573,NY_0015_m5_e0.2_19ff171a0cc33f97.json
NY,0016,2,NAMOA_dr_goal_epsilon,0.0,exact,True,2,exact,2,2,0.0,0.706454285,0.207662789,0.003255918,0.918154754,63,158,166,0,NY_0016_m2_e0.0_cf97c7600ca9c497.json
NY,0016,2,apex_open_merge,0.2,epsilon_cover,True,2,exact,2,2,0.0,0.677990926,0.21604055,0.008346533,0.904198602,63,0,1,0,NY_0016_m2_e0.2_61da42bc01ad5f4b.json
NY,0016,3,apex_open_merge,0.2,epsilon_cover,True,5,unavailable_single_config,5,1,,0.57234153,0.271631428,0.004991453,0.850493249,63,0,1,0,NY_0016_m3_e0.2_8e4cdc12117da665.json
NY,0016,5,apex_open_merge,0.2,epsilon_cover,True,6,unavailable_single_config,6,1,,0.677556202,0.475853029,0.009592817,1.165192294,63,0,1,0,NY_0016_m5_e0.2_2e564f5bea7b4b76.json
NY,0017,2,NAMOA_dr_goal_epsilon,0.0,exact,True,37,exact,37,2,0.0,0.683636807,0.399353672,0.008969935,1.092932594,63,12690,15955,0,NY_0017_m2_e0.0_60e72a1728b80284.json
NY,0017,2,apex_open_merge,0.2,epsilon_cover,True,4,exact,37,2,0.020997989677800533,0.688629145,0.430818092,0.008853437,1.130748345,63,0,1,0,NY_0017_m2_e0.2_346d62486550af75.json
NY,0017,3,apex_open_merge,0.2,epsilon_cover,True,10,unavailable_single_config,10,1,,0.672896228,0.476392109,0.025666291,1.178569505,63,26645,27121,10977,NY_0017_m3_e0.2_2e87749fddb9724b.json
NY,0017,5,apex_open_merge,0.2,epsilon_cover,True,14,unavailable_single_config,14,1,,0.681943876,0.581259942,0.036829955,1.303391094,63,37817,38495,15997,NY_0017_m5_e0.2_869ac0d16f468c7e.json
NY,0018,2,NAMOA_dr_goal_epsilon,0.0,exact,True,23,exact,23,2,0.0,0.684413851,0.472730263,0.008356735,1.166851939,63,8063,10236,0,NY_0018_m2_e0.0_992dab4b339c31dc.json
NY,0018,2,apex_open_merge,0.2,epsilon_cover,True,3,exact,23,2,0.042431369144624975,0.689764011,0.462714451,0.006771777,1.161368997,63,0,1,0,NY_0018_m2_e0.2_96a7e5097f58c3e6.json
NY,0018,3,apex_open_merge,0.2,epsilon_cover,True,10,unavailable_single_config,10,1,,0.672495293,0.49810114,0.008239466,1.181155416,63,0,1,0,NY_0018_m3_e0.2_c57b0fb0c3326360.json
NY,0018,5,apex_open_merge,0.2,epsilon_cover,True,11,unavailable_single_config,11,1,,0.688696825,0.621311731,0.008860219,1.321205229,63,0,1,0,NY_0018_m5_e0.2_a734c098ba9afd7c.json
NY,0019,2,NAMOA_dr_goal_epsilon,0.0,exact,True,31,exact,31,2,0.0,0.685622682,0.687785503,0.013226177,1.387971018,63,19155,24111,0,NY_0019_m2_e0.0_d227d4156696dbb3.json
NY,0019,2,apex_open_merge,0.2,epsilon_cover,True,6,exact,31,2,0.049254912303837495,0.686372375,0.641202607,0.008451984,1.338274951,63,0,1,0,NY_0019_m2_e0.2_c95c36bc63d2d6d3.json
NY,0019,3,apex_open_merge,0.2,epsilon_cover,True,10,unavailable_single_config,10,1,,0.631638277,0.555826861,0.006863908,1.196238334,63,62,62,4,NY_0019_m3_e0.2_70abac799d700ae5.json
NY,0019,5,apex_open_merge,0.2,epsilon_cover,True,12,unavailable_single_config,12,1,,0.676521371,0.710049885,0.010242317,1.39914647,63,2631,2631,711,NY_0019_m5_e0.2_5db548d3c5a3235a.json
NY,0020,2,NAMOA_dr_goal_epsilon,0.0,exact,True,91,exact,91,2,0.0,0.676201626,0.416924092,0.099470791,1.194334336,67,123149,159524,0,NY_0020_m2_e0.0_9f6241dbc784dd4b.json
NY,0020,2,apex_open_merge,0.2,epsilon_cover,True,4,exact,91,2,0.12437922129519263,0.682103944,0.383463414,0.006044586,1.073309152,63,1054,1054,360,NY_0020_m2_e0.2_00627e99bb0b8a72.json
NY,0020,3,apex_open_merge,0.2,epsilon_cover,True,9,unavailable_single_config,9,1,,0.689704963,0.487981906,0.024287612,1.205198885,63,23687,24253,12223,NY_0020_m3_e0.2_59b9237725bc96ca.json
NY,0020,5,apex_open_merge,0.2,epsilon_cover,True,12,unavailable_single_config,12,1,,0.68951496,0.602076531,0.033200901,1.327582334,63,33294,33649,15152,NY_0020_m5_e0.2_187ed6d745c4da59.json
NY,0021,2,NAMOA_dr_goal_epsilon,0.0,exact,True,36,exact,36,2,0.0,0.557422507,0.339212411,0.005723382,0.90361845,63,4441,4951,0,NY_0021_m2_e0.0_ea7704fa98cf47ec.json
NY,0021,2,apex_open_merge,0.2,epsilon_cover,True,4,exact,36,2,0.01769697301839579,0.691675616,0.380123571,0.006494836,1.080280646,63,0,1,0,NY_0021_m2_e0.2_0ecf4f6862067f7c.json
NY,0021,3,apex_open_merge,0.2,epsilon_cover,True,10,unavailable_single_config,10,1,,0.692447449,0.466372974,0.01082654,1.172490679,63,4058,4058,1593,NY_0021_m3_e0.2_56703bbd1ae05e86.json
NY,0021,5,apex_open_merge,0.2,epsilon_cover,True,12,unavailable_single_config,12,1,,0.686962332,0.587464296,0.012027058,1.288503771,63,6950,7063,2548,NY_0021_m5_e0.2_ac723c2c7e074296.json
NY,0022,2,NAMOA_dr_goal_epsilon,0.0,exact,True,201,exact,201,2,0.0,0.671838698,1.00088196,0.09631396,1.770168411,66,112169,134800,0,NY_0022_m2_e0.0_949e086cd5cefc2f.json
NY,0022,2,apex_open_merge,0.2,epsilon_cover,True,5,exact,201,2,0.030460346194700838,0.569480194,0.870160769,0.006895374,1.448157007,63,0,1,0,NY_0022_m2_e0.2_16981b5228cb9227.json
NY,0022,3,apex_open_merge,0.2,epsilon_cover,True,11,unavailable_single_config,11,1,,0.689158715,1.048540742,0.008891152,1.748735412,63,0,1,0,NY_0022_m3_e0.2_2a13492da39d4404.json
NY,0022,5,apex_open_merge,0.2,epsilon_cover,True,11,unavailable_single_config,11,1,,0.677260742,0.957642181,0.009531041,1.646535938,63,3060,3060,1148,NY_0022_m5_e0.2_8db1a322a7669d17.json
NY,0023,2,NAMOA_dr_goal_epsilon,0.0,exact,True,5,exact,5,2,0.0,0.691614128,0.2128409,0.003673279,0.909125586,63,97,107,0,NY_0023_m2_e0.0_78f5563d660e145b.json
NY,0023,2,apex_open_merge,0.2,epsilon_cover,True,2,exact,5,2,0.013072566081103298,0.66536408,0.197719113,0.007721248,0.872712715,63,0,1,0,NY_0023_m2_e0.2_0486a2889ac2df30.json
NY,0023,3,apex_open_merge,0.2,epsilon_cover,True,6,unavailable_single_config,6,1,,0.686935616,0.287073205,0.011161646,0.988431891,63,0,1,0,NY_0023_m3_e0.2_394f5304d6a8d2e3.json
NY,0023,5,apex_open_merge,0.2,epsilon_cover,True,5,unavailable_single_config,5,1,,0.679755998,0.433384792,0.007744267,1.1229108,63,0,1,0,NY_0023_m5_e0.2_0a2fe3603864aa86.json
NY,0024,2,NAMOA_dr_goal_epsilon,0.0,exact,True,32,exact,32,2,0.0,0.672649793,0.314979961,0.007485884,0.996443109,63,6944,8563,0,NY_0024_m2_e0.0_cd1373b8913a2990.json
NY,0024,2,apex_open_merge,0.2,epsilon_cover,True,4,exact,32,2,0.03742967056376334,0.549315716,0.27806646,0.005302579,0.834435374,63,0,1,0,NY_0024_m2_e0.2_bf49ea436fd40c1d.json
NY,0024,3,apex_open_merge,0.2,epsilon_cover,True,8,unavailable_single_config,8,1,,0.675159103,0.424782105,0.009544634,1.111865691,63,1943,1943,718,NY_0024_m3_e0.2_eac0a0a37480596c.json
NY,0024,5,apex_open_merge,0.2,epsilon_cover,True,11,unavailable_single_config,11,1,,0.685955737,0.572640518,0.011951262,1.27299986,63,4283,4283,2039,NY_0024_m5_e0.2_d4966c5d634e3855.json
NY,0025,2,NAMOA_dr_goal_epsilon,0.0,exact,True,504,exact,504,2,0.0,0.685458158,1.034697962,1.737981611,3.464218653,183,1211343,1583510,0,NY_0025_m2_e0.0_3a9624a9d84aac20.json
NY,0025,2,apex_open_merge,0.2,epsilon_cover,True,5,exact,504,2,0.09032039084597576,0.68096261,0.998283164,0.008594511,1.689985043,63,0,1,0,NY_0025_m2_e0.2_34d0e8902200f946.json
NY,0025,3,apex_open_merge,0.2,epsilon_cover,True,12,unavailable_single_config,12,1,,0.674746521,0.936363311,0.417755465,2.04025753,135,371787,377477,200858,NY_0025_m3_e0.2_ff05b07e49bbea2e.json
NY,0025,5,apex_open_merge,0.2,epsilon_cover,True,44,unavailable_single_config,44,1,,0.681229239,1.010333748,1.820902889,3.537013617,191,1018188,1027813,597261,NY_0025_m5_e0.2_a0364cd5c6fec3b0.json
NY,0026,2,NAMOA_dr_goal_epsilon,0.0,exact,True,2,exact,2,2,0.0,0.671719554,0.22270921,0.003396985,0.898710916,63,105,108,0,NY_0026_m2_e0.0_aae81fb815c836dd.json
NY,0026,2,apex_open_merge,0.2,epsilon_cover,True,2,exact,2,2,0.0,0.688713837,0.234025202,0.008808263,0.933779482,63,0,1,0,NY_0026_m2_e0.2_88161e95162fa92b.json
NY,0026,3,apex_open_merge,0.2,epsilon_cover,True,5,unavailable_single_config,5,1,,0.692367877,0.312895339,0.005729018,1.012790144,63,0,1,0,NY_0026_m3_e0.2_9f35aa9287bbb6a2.json
NY,0026,5,apex_open_merge,0.2,epsilon_cover,True,8,unavailable_single_config,8,1,,0.687962061,0.467685866,0.008755018,1.166388271,63,0,1,0,NY_0026_m5_e0.2_dc9fb60570ac2d7c.json
NY,0027,2,NAMOA_dr_goal_epsilon,0.0,exact,True,70,exact,70,2,0.0,0.663549496,0.651236849,0.028105916,1.344367381,63,54228,61742,0,NY_0027_m2_e0.0_63d66529a6e7bc35.json
NY,0027,2,apex_open_merge,0.2,epsilon_cover,True,5,exact,70,2,0.01671254639545139,0.675712958,0.673092452,0.008640456,1.359689218,63,0,1,0,NY_0027_m2_e0.2_9adce67205f0b866.json
NY,0027,3,apex_open_merge,0.2,epsilon_cover,True,9,unavailable_single_config,9,1,,0.677219428,0.693319435,0.105385792,1.480615686,78,124045,126725,53190,NY_0027_m3_e0.2_d9573d8bf8afe8d4.json
NY,0027,5,apex_open_merge,0.2,epsilon_cover,True,11,unavailable_single_config,11,1,,0.683631411,0.794759091,0.168530416,1.653950683,95,154528,156099,65787,NY_0027_m5_e0.2_3e17c6b3a722109a.json
NY,0028,2,NAMOA_dr_goal_epsilon,0.0,exact,True,38,exact,38,2,0.0,0.698233877,0.482373352,0.010352461,1.192584568,63,9247,10441,0,NY_0028_m2_e0.0_5c34646706fe79cf.json
NY,0028,2,apex_open_merge,0.2,epsilon_cover,True,4,exact,38,2,0.0125237150741635,0.676889292,0.443498831,0.007340453,1.129476074,63,0,1,0,NY_0028_m2_e0.2_1fc69b1c1d511844.json
NY,0028,3,apex_open_merge,0.2,epsilon_cover,True,9,unavailable_single_config,9,1,,0.571724477,0.449061753,0.021903514,1.045796524,63,31705,31705,11446,NY_0028_m3_e0.2_08aeda07da71c10d.json
NY,0028,5,apex_open_merge,0.2,epsilon_cover,True,19,unavailable_single_config,19,1,,0.67833072,0.626260633,0.154266085,1.46407555,95,153374,155440,60633,NY_0028_m5_e0.2_e1814b426a8859fd.json
NY,0029,2,NAMOA_dr_goal_epsilon,0.0,exact,True,57,exact,57,2,0.0,0.695910867,0.564405674,0.013437434,1.275533371,63,16674,20547,0,NY_0029_m2_e0.0_f1896dcfe2302723.json
NY,0029,2,apex_open_merge,0.2,epsilon_cover,True,6,exact,57,2,0.013123626367420815,0.578581328,0.47735185,0.007840711,1.065707392,63,0,1,0,NY_0029_m2_e0.2_1a620fdfae43ae52.json
NY,0029,3,apex_open_merge,0.2,epsilon_cover,True,11,unavailable_single_config,11,1,,0.67769864,0.567658012,0.065863424,1.315431794,73,70891,72352,35887,NY_0029_m3_e0.2_f69015c298007736.json
NY,0029,5,apex_open_merge,0.2,epsilon_cover,True,14,unavailable_single_config,14,1,,0.677149225,0.711583016,0.114837442,1.508890565,76,108892,110235,54670,NY_0029_m5_e0.2_2d1403e35ab3a458.json
NY,0030,2,NAMOA_dr_goal_epsilon,0.0,exact,True,4,exact,4,2,0.0,0.674634955,0.224175738,0.00447219,0.904454348,63,260,273,0,NY_0030_m2_e0.0_748852c6c706ad9b.json
NY,0030,2,apex_open_merge,0.2,epsilon_cover,True,3,exact,4,2,0.0007026225494422,0.687937287,0.247729408,0.005523407,0.942977426,63,0,1,0,NY_0030_m2_e0.2_9dc5568dc79340da.json
NY,0030,3,apex_open_merge,0.2,epsilon_cover,True,5,unavailable_single_config,5,1,,0.581923721,0.307991091,0.005734768,0.897569213,63,0,1,0,NY_0030_m3_e0.2_9fd962067239341d.json
NY,0030,5,apex_open_merge,0.2,epsilon_cover,True,8,unavailable_single_config,8,1,,0.688684213,0.492511935,0.009279827,1.192691241,63,0,1,0,NY_0030_m5_e0.2_a4ad58af9646aacf.json
