dataset,query_id,objective_count,before_status,after_status,before_paths,after_paths,before_search_seconds,after_search_seconds,before_total_seconds,after_total_seconds,before_peak_rss_mb,after_peak_rss_mb,before_labels,after_labels,merged,before_order,after_order,reference_kind,before_empirical_epsilon,after_empirical_epsilon
BAY,0001,2,epsilon_cover,epsilon_cover,4,4,0.008615634,0.010895778,1.108968319,1.130839564,68,68,1,1,0,21345,21345,exact,0.0531263127919861,0.0531263127919861
BAY,0001,3,epsilon_cover,epsilon_cover,10,10,0.113890357,0.022865604,1.234894059,1.201392902,76,70,177254,28784,5321,21345,21345,pooled_empirical,0.10403397027600847,0.10403397027600847
BAY,0001,5,epsilon_cover,epsilon_cover,9,9,2.519198609,0.038752992,4.18677157,1.463618278,136,71,839042,40538,8094,21345,21345,pooled_empirical,0.13669064748201443,0.13669064748201443
BAY,0002,2,epsilon_cover,epsilon_cover,4,4,0.006436042,0.010429255,0.950317008,1.056593281,68,68,1,1,0,21345,21345,exact,0.010978743931887358,0.010978743931887358
BAY,0002,3,epsilon_cover,epsilon_cover,8,8,0.005557467,0.010362264,1.033482715,1.177365091,68,69,130,119,11,21345,21345,pooled_empirical,0.0,0.0
BAY,0002,5,epsilon_cover,epsilon_cover,10,10,0.014059342,0.010199048,1.597613012,1.157840436,68,68,14516,4051,570,21345,21345,pooled_empirical,0.0,0.0
BAY,0003,2,epsilon_cover,epsilon_cover,4,4,0.006216043,0.00928573,1.102039259,1.256369053,68,69,1,1,0,21345,21345,exact,0.011242938356530674,0.011242938356530674
BAY,0003,3,epsilon_cover,epsilon_cover,9,10,1.276377702,0.15427647,2.483542972,1.575746373,192,105,1454256,160921,39784,21345,21345,pooled_empirical,0.13752913752913742,0.0
BAY,0003,5,time_limit,epsilon_cover,10,12,30.00637973,0.306442006,31.3637488,1.877306895,565,144,5792836,267686,77991,21345,21345,pooled_empirical,0.2218060024656987,0.0
BAY,0004,2,epsilon_cover,epsilon_cover,7,7,0.006173279,0.010177355,1.823633456,1.848966998,68,68,1,1,0,21345,21345,exact,0.05534999723759082,0.05534999723759082
BAY,0004,3,epsilon_cover,epsilon_cover,12,12,0.005920556,0.010346402,1.573025992,1.626245213,68,69,2287,1364,255,21345,21345,pooled_empirical,0.0,0.0
BAY,0004,5,time_limit,epsilon_cover,13,14,30.0000796,0.090599688,32.24150016,1.936015272,560,85,5021790,102845,24510,21345,21345,pooled_empirical,0.11151736745886653,0.02733370658232559
BAY,0005,2,epsilon_cover,epsilon_cover,4,4,0.005558572,0.010316502,1.662091253,1.947129762,68,69,1,1,0,21345,21345,exact,0.021855765912971004,0.021855765912971004
BAY,0005,3,epsilon_cover,epsilon_cover,10,11,2.060208537,0.127725168,3.757665006,2.171990125,192,103,2066275,148932,38052,21345,21345,pooled_empirical,0.11567572575028229,0.0
BAY,0005,5,time_limit,epsilon_cover,11,37,30.00509319,0.760630061,31.67378658,2.765427501,532,199,5432336,632495,209282,21345,21345,pooled_empirical,0.15421398684997012,0.0
BAY,0006,2,epsilon_cover,epsilon_cover,3,3,0.005511164,0.010813758,1.183384475,1.20533233,69,69,1,1,0,21345,21345,exact,0.03792032909229093,0.03792032909229093
BAY,0006,3,epsilon_cover,epsilon_cover,8,8,0.008635386,0.009916522,1.466845659,1.254278598,68,68,313,221,25,21345,21345,pooled_empirical,0.0,0.0
BAY,0006,5,epsilon_cover,epsilon_cover,10,10,0.00734547,0.009796597,1.227993112,1.20240825,68,68,3120,981,140,21345,21345,pooled_empirical,0.0,0.0
BAY,0007,2,epsilon_cover,epsilon_cover,3,3,0.008281663,0.009284233,1.050504145,1.054098444,68,69,1,1,0,21345,21345,exact,0.05492992814967623,0.05492992814967623
BAY,0007,3,epsilon_cover,epsilon_cover,10,11,0.158923719,0.030940807,1.489217213,1.184924467,76,70,179467,31864,15079,21345,21345,pooled_empirical,0.05101294415998292,0.001948369364716207
BAY,0007,5,time_limit,epsilon_cover,10,21,30.00676985,0.155034688,31.17978229,1.476439974,556,102,4547314,131213,63106,21345,21345,pooled_empirical,0.1885964912280702,0.043242167991399905
BAY,0008,2,epsilon_cover,epsilon_cover,2,2,0.00665753,0.013198075,1.060367219,1.079034001,68,68,1,1,0,21345,21345,exact,0.022499756465134357,0.022499756465134357
BAY,0008,3,epsilon_cover,epsilon_cover,7,7,0.008025006,0.011706892,1.160022355,1.191702117,69,68,712,602,74,21345,21345,pooled_empirical,0.0,0.0
BAY,0008,5,epsilon_cover,epsilon_cover,10,10,0.017689728,0.015401554,1.125510101,1.369872763,69,69,30609,7099,1681,21345,21345,pooled_empirical,0.06451612903225801,0.054421768707483054
BAY,0009,2,epsilon_cover,epsilon_cover,5,5,0.008037403,0.011004406,1.861447767,1.793248372,68,68,1,1,0,21345,21345,exact,0.015648149936249522,0.015648149936249522
BAY,0009,3,epsilon_cover,epsilon_cover,11,11,0.026172628,0.018068487,2.100807556,1.858984184,69,68,40562,11963,2286,21345,21345,pooled_empirical,0.0,0.0
BAY,0009,5,time_limit,epsilon_cover,12,19,30.00309636,2.152696094,31.85513067,3.899836207,570,312,4683483,1460524,403585,21345,21345,pooled_empirical,0.16658100079717753,0.0
BAY,0010,2,epsilon_cover,epsilon_cover,5,5,0.006047771,0.010091692,1.405072047,1.453486727,68,68,1,1,0,21345,21345,exact,0.009525499133425264,0.009525499133425264
BAY,0010,3,epsilon_cover,epsilon_cover,9,9,0.007983966,0.00934752,1.937450994,1.681530312,68,68,1,1,0,21345,21345,pooled_empirical,0.0,0.0
BAY,0010,5,epsilon_cover,epsilon_cover,11,11,0.004855269,0.009912338,1.471163957,1.751261826,68,69,1,1,0,21345,21345,pooled_empirical,0.0,0.0
BAY,0011,2,epsilon_cover,epsilon_cover,4,4,0.005449444,0.011462525,1.16505001,1.366058818,68,68,1,1,0,21345,21345,exact,0.025215777029806485,0.025215777029806485
BAY,0011,3,epsilon_cover,epsilon_cover,9,9,0.007744334,0.009132637,1.612901716,1.194127976,68,68,1,1,0,21345,21345,pooled_empirical,0.0,0.0
BAY,0011,5,epsilon_cover,epsilon_cover,10,10,0.454302492,0.035388446,1.750899437,1.523581165,99,71,353977,39675,9983,21345,21345,pooled_empirical,0.0,0.0
BAY,0012,2,epsilon_cover,epsilon_cover,3,3,0.00545739,0.009576071,1.949849276,1.894707125,69,69,1,1,0,21345,21345,exact,0.05863725554050103,0.05863725554050103
BAY,0012,3,time_limit,epsilon_cover,9,9,30.00219902,2.221842498,32.3548009,3.991670855,532,312,5764014,1279094,288641,21345,21345,pooled_empirical,0.0,0.0
BAY,0012,5,time_limit,epsilon_cover,11,23,30.00058059,12.03250977,32.32247546,14.12344957,341,1055,4072646,4327684,1414196,21345,21345,pooled_empirical,0.17877094972067042,0.0
BAY,0013,2,epsilon_cover,epsilon_cover,6,6,0.006251516,0.009945273,1.371440558,1.58218776,68,68,1,1,0,21345,21345,exact,0.013195011901801168,0.013195011901801168
BAY,0013,3,epsilon_cover,epsilon_cover,11,11,6.195407397,0.285757296,7.945675157,1.972289888,304,144,3593663,268804,66717,21345,21345,pooled_empirical,0.0,0.0
BAY,0013,5,time_limit,epsilon_cover,11,33,30.00259648,1.311692974,31.74511665,3.041723188,570,199,4292187,712880,224506,21345,21345,pooled_empirical,0.1554126731557086,0.0
BAY,0014,2,epsilon_cover,epsilon_cover,5,5,0.005666003,0.00939569,1.255931182,1.25485472,68,69,1,1,0,21345,21345,exact,0.053945431023430634,0.053945431023430634
BAY,0014,3,epsilon_cover,epsilon_cover,10,10,0.094285336,0.018075828,1.432315739,1.49993542,75,69,163234,20799,4867,21345,21345,pooled_empirical,0.0,0.0
BAY,0014,5,time_limit,epsilon_cover,11,11,30.00203866,0.049021326,31.48115069,1.717895984,316,74,4005570,64268,17516,21345,21345,pooled_empirical,0.0,0.0
BAY,0015,2,epsilon_cover,epsilon_cover,6,6,0.00604208,0.00972363,1.478577476,1.665184823,68,69,1,1,0,21345,21345,exact,0.01610853420385472,0.01610853420385472
BAY,0015,3,epsilon_cover,epsilon_cover,11,11,0.007022531,0.010640527,1.605212585,1.751120329,68,69,1507,689,187,21345,21345,pooled_empirical,0.0,0.0
BAY,0015,5,time_limit,epsilon_cover,12,12,30.00714511,0.132141843,31.6810716,2.016895243,311,87,3853510,126269,44877,21345,21345,pooled_empirical,0.0,0.0
BAY,0016,2,epsilon_cover,epsilon_cover,2,2,0.008981912,0.009474423,1.213538114,0.961961127,68,69,1,1,0,21345,21345,exact,0.015848079550147665,0.015848079550147665
BAY,0016,3,epsilon_cover,epsilon_cover,10,10,0.049502466,0.015756533,1.269157987,1.153962008,68,69,78126,11288,2446,21345,21345,pooled_empirical,0.00952280829692631,0.015155997016635725
BAY,0016,5,epsilon_cover,epsilon_cover,15,14,0.649890857,0.018345238,2.244560172,1.132252553,97,69,321529,17567,4385,21345,21345,pooled_empirical,0.030593556103760244,0.19036427732079897
BAY,0017,2,epsilon_cover,epsilon_cover,6,6,0.007230657,0.009893773,1.564258538,1.543970287,69,69,1,1,0,21345,21345,exact,0.020642479898962174,0.020642479898962174
BAY,0017,3,epsilon_cover,epsilon_cover,10,10,0.00675453,0.009947193,1.582057789,1.498131537,68,69,1,1,0,21345,21345,pooled_empirical,0.0,0.0
BAY,0017,5,epsilon_cover,epsilon_cover,11,11,0.027176406,0.013596793,1.713564238,1.424811994,68,69,34912,7718,1976,21345,21345,pooled_empirical,0.0,0.0
BAY,0018,2,epsilon_cover,epsilon_cover,4,4,0.015105605,0.014052239,1.552176367,1.194246295,68,68,26305,5920,2536,21345,21345,exact,0.12574934567074392,0.12574934567074392
BAY,0018,3,epsilon_cover,epsilon_cover,11,11,7.341124208,0.036122949,9.013134016,1.306743466,304,72,2385674,49256,17739,21345,21345,pooled_empirical,0.0,0.0
BAY,0018,5,time_limit,epsilon_cover,11,13,30.00158922,0.202378599,31.66958675,1.528199986,305,113,3069629,232231,69730,21345,21345,pooled_empirical,0.18085106382978733,0.0
BAY,0019,2,epsilon_cover,epsilon_cover,5,5,0.006958299,0.008211543,1.243189216,0.97625842,69,69,1,1,0,21345,21345,exact,0.023434773581655133,0.023434773581655133
BAY,0019,3,epsilon_cover,epsilon_cover,9,9,0.008010418,0.009111033,1.475250663,1.269899988,68,69,1,1,0,21345,21345,pooled_empirical,0.0,0.0
BAY,0019,5,epsilon_cover,epsilon_cover,10,10,0.006104036,0.009757888,1.312010646,1.424025102,69,69,1,1,0,21345,21345,pooled_empirical,0.0,0.0
BAY,0020,2,epsilon_cover,epsilon_cover,3,3,0.007793184,0.010967976,1.657121781,1.484488808,69,69,1,1,0,21345,21345,exact,0.08424249212175505,0.08424249212175505
BAY,0020,3,epsilon_cover,epsilon_cover,9,9,1.8134554,0.054334713,3.318840798,1.469033917,192,81,1283473,71551,13764,21345,21345,pooled_empirical,0.0,0.0
BAY,0020,5,epsilon_cover,epsilon_cover,11,12,18.57764424,0.079090016,20.23847886,1.614002918,316,83,3317081,87468,18693,21345,21345,pooled_empirical,0.10651828298887112,0.0
BAY,0021,2,epsilon_cover,epsilon_cover,3,3,0.006782136,0.008466535,1.140035358,0.976319921,68,68,1,1,0,21345,21345,exact,0.0013686899187201895,0.0013686899187201895
BAY,0021,3,epsilon_cover,epsilon_cover,10,10,0.403466363,0.038871661,1.672242875,1.346566807,108,71,517138,43801,9542,21345,21345,pooled_empirical,0.0563964301985902,0.02810304449648715
BAY,0021,5,epsilon_cover,epsilon_cover,11,11,2.544276003,0.032319241,4.232629895,1.301536974,192,71,1099289,39269,10781,21345,21345,pooled_empirical,0.0,0.0
BAY,0022,2,epsilon_cover,epsilon_cover,4,4,0.00773986,0.009951346,1.875603236,1.422202378,68,69,1,1,0,21345,21345,exact,0.059931444562731695,0.059931444562731695
BAY,0022,3,epsilon_cover,epsilon_cover,9,9,0.527966139,0.077670278,2.205286836,1.70257425,136,84,693228,101205,28120,21345,21345,pooled_empirical,0.0,0.0
BAY,0022,5,time_limit,epsilon_cover,11,16,30.00441867,3.043744849,31.88540884,4.849655165,533,312,4586346,1593310,528126,21345,21345,pooled_empirical,0.1896869244935544,0.0
BAY,0023,2,epsilon_cover,epsilon_cover,6,6,0.008462636,0.009410545,1.771621596,1.280811727,68,69,1,1,0,21345,21345,exact,0.020549399993980533,0.020549399993980533
BAY,0023,3,epsilon_cover,epsilon_cover,11,11,2.434378343,0.157918195,4.224431733,1.605112434,192,104,1213857,156040,47246,21345,21345,pooled_empirical,0.0,0.0
BAY,0023,5,time_limit,epsilon_cover,12,13,30.00001151,2.234949054,32.05402186,4.027022348,343,200,4151046,1039018,372963,21345,21345,pooled_empirical,0.15575038679731823,0.0
BAY,0024,2,epsilon_cover,epsilon_cover,5,5,0.007607667,0.00947444,1.526557465,1.184718588,68,69,1,1,0,21345,21345,exact,0.02215072884996583,0.02215072884996583
BAY,0024,3,epsilon_cover,epsilon_cover,10,10,0.051674926,0.019939387,1.716818373,1.578626709,68,69,90975,21715,3756,21345,21345,pooled_empirical,0.0,0.0
BAY,0024,5,time_limit,epsilon_cover,11,12,30.00717548,0.200111879,31.84154106,1.81438542,533,107,5077661,178587,74083,21345,21345,pooled_empirical,0.1590612777053455,0.0
BAY,0025,2,epsilon_cover,epsilon_cover,5,5,0.007291902,0.009638283,2.122662798,1.635238634,68,69,1,1,0,21345,21345,exact,0.03956668178136913,0.03956668178136913
BAY,0025,3,epsilon_cover,epsilon_cover,10,10,0.27018407,0.031860806,2.164581862,1.769921658,98,71,335141,36454,9344,21345,21345,pooled_empirical,0.0,0.0
BAY,0025,5,epsilon_cover,epsilon_cover,12,12,1.128277835,0.047064247,3.32593225,1.877970231,136,70,692180,33419,8609,21345,21345,pooled_empirical,0.0,0.0
BAY,0026,2,epsilon_cover,epsilon_cover,3,3,0.006103536,0.009209966,0.983781028,0.948135461,68,69,1,1,0,21345,21345,exact,0.03385457388584823,0.03385457388584823
BAY,0026,3,epsilon_cover,epsilon_cover,10,11,0.096323295,0.026928897,1.186743749,1.284125916,75,70,157551,28615,7338,21345,21345,pooled_empirical,0.04081632653061229,0.01775147928994092
BAY,0026,5,epsilon_cover,epsilon_cover,14,24,1.90236159,0.048825969,3.555222775,1.396887019,136,72,915304,52232,18148,21345,21345,pooled_empirical,0.1415302516936663,0.1095890410958904
BAY,0027,2,epsilon_cover,epsilon_cover,4,4,0.007424376,0.009265755,1.008764946,0.898930194,68,69,1,1,0,21345,21345,exact,0.0032998753936994696,0.0032998753936994696
BAY,0027,3,epsilon_cover,epsilon_cover,5,5,0.017424611,0.011522281,1.150627109,1.116114661,69,69,31343,3403,1340,21345,21345,pooled_empirical,0.0,0.0
BAY,0027,5,epsilon_cover,epsilon_cover,9,9,0.096186006,0.012697452,1.271697094,1.180570242,69,68,119205,6377,2356,21345,21345,pooled_empirical,0.0,0.0
BAY,0028,2,epsilon_cover,epsilon_cover,3,3,0.007073316,0.008867696,0.885874399,0.886251638,68,68,1,1,0,21345,21345,exact,0.041272722688651786,0.041272722688651786
BAY,0028,3,epsilon_cover,epsilon_cover,7,7,0.0076065,0.010358762,1.277348992,0.976373243,68,68,1,1,0,21345,21345,pooled_empirical,0.0,0.0
BAY,0028,5,epsilon_cover,epsilon_cover,10,10,0.006764483,0.009744004,1.350116988,1.091618392,68,68,136,80,7,21345,21345,pooled_empirical,0.0,0.0
BAY,0029,2,epsilon_cover,epsilon_cover,5,5,0.006491244,0.012517863,1.14451275,1.125777677,68,69,1,1,0,21345,21345,exact,0.019588116341539452,0.019588116341539452
BAY,0029,3,epsilon_cover,epsilon_cover,10,10,0.005847823,0.010163348,1.048226608,1.024298134,69,69,28,26,2,21345,21345,pooled_empirical,0.0,0.0
BAY,0029,5,epsilon_cover,epsilon_cover,9,9,0.006317331,0.013235551,1.209942989,1.417690288,68,68,177,137,6,21345,21345,pooled_empirical,0.0,0.0
BAY,0030,2,epsilon_cover,epsilon_cover,4,4,0.008302044,0.008786273,1.828721675,1.572488715,68,69,1,1,0,21345,21345,exact,0.039895590083099286,0.039895590083099286
BAY,0030,3,epsilon_cover,epsilon_cover,10,10,0.099970986,0.031637242,1.535360621,1.641994891,74,70,149680,31070,6616,21345,21345,pooled_empirical,0.163498154353233,0.163498154353233
BAY,0030,5,epsilon_cover,epsilon_cover,12,12,0.215021568,0.014826644,1.69881324,1.386788607,76,69,179995,12371,3190,21345,21345,pooled_empirical,0.1146100054078023,0.1146100054078023
COL,0001,2,epsilon_cover,epsilon_cover,5,5,0.010403835,0.011719968,2.366986557,1.713735713,89,89,1,1,0,21345,21345,exact,0.018854066408150683,0.018854066408150683
COL,0001,3,epsilon_cover,epsilon_cover,11,11,0.488139511,0.034388974,2.50602149,2.100391026,155,89,650633,48868,16935,21345,21345,pooled_empirical,0.0019946808510638014,0.0018644929178506242
COL,0001,5,time_limit,epsilon_cover,11,13,30.00624342,1.381336967,32.7123283,3.599313224,547,214,5173847,921961,302657,21345,21345,pooled_empirical,0.23693582552564152,0.10785463071512313
COL,0002,2,epsilon_cover,epsilon_cover,7,7,0.010105864,0.013719436,2.810226813,2.428372789,89,89,1,1,0,21345,21345,exact,0.009702043059137022,0.009702043059137022
COL,0002,3,time_limit,epsilon_cover,11,11,30.00089446,0.765832287,32.86537275,3.226783935,547,214,8101342,651577,221410,21345,21345,pooled_empirical,0.0,0.0
COL,0002,5,time_limit,epsilon_cover,12,19,30.00741815,8.736616917,32.68057713,11.10019311,562,625,5281123,4163514,1404778,21345,21345,pooled_empirical,0.21954970092259152,0.0
COL,0003,2,epsilon_cover,epsilon_cover,4,4,0.010130336,0.011617593,2.319869485,2.225846358,89,89,1,1,0,21345,21345,exact,0.03703485246176852,0.03703485246176852
COL,0003,3,epsilon_cover,epsilon_cover,9,9,0.00829354,0.014346207,2.535870399,2.471133386,89,89,1,1,0,21345,21345,pooled_empirical,0.0,0.0
COL,0003,5,epsilon_cover,epsilon_cover,9,9,9.180699934,0.053703183,11.54398501,2.225107055,324,96,2972212,69481,20562,21345,21345,pooled_empirical,0.0,0.0
COL,0004,2,epsilon_cover,epsilon_cover,5,5,0.008276517,0.014591819,1.788919664,1.532593569,89,89,1,1,0,21345,21345,exact,0.04161340084369347,0.04161340084369347
COL,0004,3,epsilon_cover,epsilon_cover,8,8,0.007523441,0.011803412,1.682120698,1.614632563,89,89,1,1,0,21345,21345,pooled_empirical,0.0,0.0
COL,0004,5,epsilon_cover,epsilon_cover,11,11,0.009798104,0.015731401,1.781447645,2.024039957,89,89,5441,1312,192,21345,21345,pooled_empirical,0.0,0.0
COL,0005,2,epsilon_cover,epsilon_cover,7,7,0.00873357,0.013435543,1.608777257,1.380232813,89,89,1,1,0,21345,21345,exact,0.03310761458944245,0.03310761458944245
COL,0005,3,epsilon_cover,epsilon_cover,11,11,0.011137441,0.012578397,2.18550858,1.846194969,89,89,1,1,0,21345,21345,pooled_empirical,0.0,0.0
COL,0005,5,epsilon_cover,epsilon_cover,10,10,5.25269484,0.030435211,6.997795138,2.121955813,211,89,1910891,31570,8261,21345,21345,pooled_empirical,0.0,0.0
COL,0006,2,epsilon_cover,epsilon_cover,4,4,0.009069275,0.013616453,1.645936302,1.665729798,89,89,1,1,0,21345,21345,exact,0.00040775572535922677,0.00040775572535922677
COL,0006,3,epsilon_cover,epsilon_cover,10,10,0.010106088,0.013444037,1.75988317,1.53868489,89,89,1,1,0,21345,21345,pooled_empirical,0.0,0.0
COL,0006,5,epsilon_cover,epsilon_cover,8,8,0.008376211,0.015438993,1.958448728,1.757282301,89,89,1,1,0,21345,21345,pooled_empirical,0.0,0.0
COL,0007,2,epsilon_cover,epsilon_cover,6,6,0.008240953,0.013689935,1.931758918,2.377246342,89,89,1,1,0,21345,21345,exact,0.019059742964526727,0.019059742964526727
COL,0007,3,epsilon_cover,epsilon_cover,10,10,0.007491843,0.011792357,1.886680014,2.157139662,89,89,1,1,0,21345,21345,pooled_empirical,0.0,0.0
COL,0007,5,time_limit,epsilon_cover,12,12,30.01402384,0.122692019,32.3305594,2.299373931,323,117,3742396,140064,66938,21345,21345,pooled_empirical,0.0,0.0
COL,0008,2,epsilon_cover,epsilon_cover,6,6,0.010466486,0.015565972,1.764971247,1.389081946,89,89,1,1,0,21345,21345,exact,0.019453534366623115,0.019453534366623115
COL,0008,3,epsilon_cover,epsilon_cover,9,9,0.01056903,0.014469857,2.051507622,1.599230848,89,89,1,1,0,21345,21345,pooled_empirical,0.0,0.0
COL,0008,5,time_limit,epsilon_cover,11,11,30.00617787,0.073816104,31.8560905,1.802742117,323,99,3770912,104544,31990,21345,21345,pooled_empirical,0.0,0.0
COL,0009,2,epsilon_cover,epsilon_cover,2,2,0.010737476,0.013573293,1.310194602,1.302968566,89,89,1,1,0,21345,21345,exact,0.0007389542342950417,0.0007389542342950417
COL,0009,3,epsilon_cover,epsilon_cover,4,4,0.007502862,0.013473112,1.225000063,1.433182799,89,89,1,1,0,21345,21345,pooled_empirical,0.0,0.0
COL,0009,5,epsilon_cover,epsilon_cover,6,6,0.004407522,0.014845177,1.468509543,1.786047681,89,89,1,1,0,21345,21345,pooled_empirical,0.0,0.0
COL,0010,2,epsilon_cover,epsilon_cover,6,6,0.009052681,0.014102869,1.588143515,1.384799188,89,89,1,1,0,21345,21345,exact,0.010465982669671137,0.010465982669671137
COL,0010,3,epsilon_cover,epsilon_cover,10,10,0.007633237,0.011806801,1.786593194,1.595484207,89,89,985,671,116,21345,21345,pooled_empirical,0.0,0.0
COL,0010,5,time_limit,epsilon_cover,10,14,30.00320662,0.351456347,32.10655744,2.455292751,547,158,6269594,357610,117608,21345,21345,pooled_empirical,0.17481709664998069,0.0
COL,0011,2,epsilon_cover,epsilon_cover,6,6,0.009639123,0.012530199,2.276645585,1.808393796,89,89,1,1,0,21345,21345,exact,0.008290958717542152,0.008290958717542152
COL,0011,3,epsilon_cover,epsilon_cover,8,8,0.008551664,0.011881734,2.125660148,1.851918098,89,89,1,1,0,21345,21345,pooled_empirical,0.0,0.0
COL,0011,5,time_limit,epsilon_cover,10,10,30.01383846,0.492368903,32.6573674,2.856958974,323,158,3892459,334713,181165,21345,21345,pooled_empirical,0.0,0.0
COL,0012,2,epsilon_cover,epsilon_cover,8,8,0.008562361,0.014535394,1.862717443,1.885168021,89,89,1,1,0,21345,21345,exact,0.031725289164808324,0.031725289164808324
COL,0012,3,epsilon_cover,epsilon_cover,11,11,0.03054473,0.014298383,2.605262712,2.264342,89,89,60511,9442,1634,21345,21345,pooled_empirical,0.0,0.0
COL,0012,5,time_limit,epsilon_cover,12,19,30.00297273,6.019534175,32.4037206,8.446813041,549,575,5125851,2867310,943202,21345,21345,pooled_empirical,0.13748932536293768,0.0
COL,0013,2,epsilon_cover,epsilon_cover,5,5,0.007736168,0.011305374,1.551002273,1.48249451,89,89,1,1,0,21345,21345,exact,0.002998522270397652,0.002998522270397652
COL,0013,3,epsilon_cover,epsilon_cover,10,10,0.367318475,0.021300168,2.075957823,1.812387206,123,89,451447,20376,6667,21345,21345,pooled_empirical,0.0,0.0
COL,0013,5,time_limit,epsilon_cover,11,12,30.00479588,0.126135695,32.4459951,2.214435238,323,119,3277271,157094,39974,21345,21345,pooled_empirical,0.15405510283275126,0.0
COL,0014,2,epsilon_cover,epsilon_cover,5,5,0.009271525,0.011526046,1.61205105,1.327946593,89,89,1,1,0,21345,21345,exact,0.010563550178619208,0.010563550178619208
COL,0014,3,epsilon_cover,epsilon_cover,10,10,0.008569957,0.011356061,1.758421614,1.464490432,89,89,1,1,0,21345,21345,pooled_empirical,0.0,0.0
COL,0014,5,epsilon_cover,epsilon_cover,9,10,6.34862313,0.096967398,7.993675538,2.111374235,323,102,3043274,126097,30353,21345,21345,pooled_empirical,0.12920738327904457,0.0
COL,0015,2,epsilon_cover,epsilon_cover,7,7,0.009104008,0.01224185,2.14421384,2.40848982,89,89,1,1,0,21345,21345,exact,0.0672082165692951,0.0672082165692951
COL,0015,3,time_limit,epsilon_cover,10,10,30.00033288,0.490746427,32.33364274,2.834535804,995,158,9062131,429377,129036,21345,21345,pooled_empirical,0.0,0.0
COL,0015,5,time_limit,epsilon_cover,12,19,30.00788162,2.101060124,32.09036739,4.285362579,553,326,5572724,1213761,392883,21345,21345,pooled_empirical,0.19203518201807968,0.0
COL,0016,2,epsilon_cover,epsilon_cover,4,4,0.008916945,0.011599251,1.362791366,1.351010844,89,89,1,1,0,21345,21345,exact,0.03300036380110383,0.03300036380110383
COL,0016,3,epsilon_cover,epsilon_cover,8,8,0.011986593,0.011783663,1.714042887,1.41987477,89,89,1,1,0,21345,21345,pooled_empirical,0.0,0.0
COL,0016,5,epsilon_cover,epsilon_cover,10,10,0.009446954,0.012848075,2.203774273,1.607454316,89,89,461,219,18,21345,21345,pooled_empirical,0.0,0.0
COL,0017,2,epsilon_cover,epsilon_cover,7,7,0.009751791,0.014671438,2.766906103,2.537046187,89,89,1,1,0,21345,21345,exact,0.011540594363279366,0.011540594363279366
COL,0017,3,time_limit,epsilon_cover,11,11,30.00240561,1.40436566,32.56855761,3.509715524,995,326,10366285,1094841,394296,21345,21345,pooled_empirical,0.0,0.0
COL,0017,5,time_limit,epsilon_cover,12,44,30.00664526,14.04203275,32.33765713,16.40564997,558,1035,5749747,7574239,2853335,21345,31245,pooled_empirical,0.11020921796241079,0.0
COL,0018,2,epsilon_cover,epsilon_cover,5,5,0.009585238,0.012380851,2.345074339,2.090757821,89,92,1,1,0,21345,21345,exact,0.027525285528879007,0.027525285528879007
COL,0018,3,epsilon_cover,epsilon_cover,9,9,0.008201997,0.014369453,2.389140488,1.801207998,89,92,1,1,0,21345,21345,pooled_empirical,0.0,0.0
COL,0018,5,time_limit,epsilon_cover,11,31,30.01350989,2.044673196,32.3249069,4.18433708,323,328,3298330,1167024,440338,21345,21345,pooled_empirical,0.22241758241758247,0.0
COL,0019,2,epsilon_cover,epsilon_cover,3,3,0.008026488,0.012706878,1.99619711,2.298977909,89,93,1,1,0,21345,21345,exact,0.0028977457752916713,0.0028977457752916713
COL,0019,3,epsilon_cover,epsilon_cover,7,7,0.009635106,0.011911742,2.437196875,1.796789135,89,93,1,1,0,21345,21345,pooled_empirical,0.0,0.0
COL,0019,5,epsilon_cover,epsilon_cover,10,10,0.008695928,0.011219996,1.950080129,1.859926445,89,93,1,1,0,21345,21345,pooled_empirical,0.0,0.0
COL,0020,2,epsilon_cover,epsilon_cover,6,6,0.009322305,0.014133495,2.484784501,2.420994099,89,93,1,1,0,21345,21345,exact,0.04301618501367166,0.04301618501367166
COL,0020,3,epsilon_cover,epsilon_cover,11,11,11.80011898,0.149664094,13.99460187,2.184147186,547,126,7898715,220532,55627,21345,21345,pooled_empirical,0.0,0.0
COL,0020,5,time_limit,epsilon_cover,12,14,30.00542555,20.52884815,32.92367587,22.85926627,550,1048,4815946,7660088,2561326,21345,21345,pooled_empirical,0.17213667856450132,0.0
COL,0021,2,epsilon_cover,epsilon_cover,5,5,0.008651548,0.01309974,1.746464254,1.554483286,89,95,1,1,0,21345,21345,exact,0.014550385542782207,0.014550385542782207
COL,0021,3,epsilon_cover,epsilon_cover,9,9,0.009469585,0.013102631,1.848768994,1.823571884,89,96,1,1,0,21345,21345,pooled_empirical,0.0,0.0
COL,0021,5,epsilon_cover,epsilon_cover,10,10,0.008117936,0.013270503,2.020176002,1.836299511,89,96,1,1,0,21345,21345,pooled_empirical,0.0,0.0
COL,0022,2,epsilon_cover,epsilon_cover,8,8,0.009019133,0.011118086,2.208665067,1.839796755,89,96,1,1,0,21345,21345,exact,0.035862009378239135,0.035862009378239135
COL,0022,3,epsilon_cover,epsilon_cover,12,12,0.007468639,0.01149647,1.862236419,2.110162522,89,96,1,1,0,21345,21345,pooled_empirical,0.0,0.0
COL,0022,5,time_limit,epsilon_cover,12,13,30.00656166,0.269686089,31.99005151,2.173602728,563,158,4280024,311364,63970,21345,21345,pooled_empirical,0.19351645632269232,0.0
COL,0023,2,epsilon_cover,epsilon_cover,4,4,0.007692092,0.013314909,2.356776835,2.443457774,89,97,1,1,0,21345,21345,exact,0.003086025199543041,0.003086025199543041
COL,0023,3,epsilon_cover,epsilon_cover,10,10,0.008014015,0.013432174,2.437503481,2.29497328,89,97,1,1,0,21345,21345,pooled_empirical,0.0,0.0
COL,0023,5,time_limit,epsilon_cover,10,12,30.00382584,0.573667891,32.9885563,2.724936706,323,214,3836432,625765,227379,21345,21345,pooled_empirical,0.22888506594576885,0.0
COL,0024,2,epsilon_cover,epsilon_cover,3,3,0.007157679,0.013708046,1.414196232,1.658522699,89,100,1,1,0,21345,21345,exact,0.0010288087429859427,0.0010288087429859427
COL,0024,3,epsilon_cover,epsilon_cover,8,8,0.43484078,0.020342317,1.995537556,1.555355538,155,101,564013,27307,4518,21345,21345,pooled_empirical,0.0,0.0
COL,0024,5,epsilon_cover,epsilon_cover,10,10,14.4549064,0.032202164,16.39849051,2.08745942,323,102,2942767,35524,6788,21345,21345,pooled_empirical,0.035059760956175356,0.03980634749865519
COL,0025,2,epsilon_cover,epsilon_cover,6,6,0.007041067,0.014982973,2.009251319,2.018883409,90,102,1,1,0,21345,21345,exact,0.005698144590060572,0.005698144590060572
COL,0025,3,epsilon_cover,epsilon_cover,10,10,1.04509599,0.057364545,3.286056499,2.067112916,211,102,1366539,83335,23567,21345,21345,pooled_empirical,0.0,0.0
COL,0025,5,time_limit,epsilon_cover,12,12,30.00804692,1.88452796,32.33291704,3.852208748,576,332,5545321,1144696,411166,21345,21345,pooled_empirical,0.0,0.0
COL,0026,2,epsilon_cover,epsilon_cover,6,6,0.011131075,0.013718037,2.542658996,1.97466285,91,106,1,1,0,21345,21345,exact,0.007378579101579907,0.007378579101579907
COL,0026,3,epsilon_cover,epsilon_cover,10,10,0.064461718,0.020645394,2.053416341,2.067346841,91,107,122614,14296,5708,21345,21345,pooled_empirical,0.0,0.0
COL,0026,5,time_limit,epsilon_cover,11,14,30.00322349,1.236214417,32.07889602,3.298179136,547,221,5332542,1040834,305723,21345,21345,pooled_empirical,0.15849210185801477,0.0
COL,0027,2,epsilon_cover,epsilon_cover,4,4,0.00834587,0.013443439,2.068732773,1.728535818,95,110,1,1,0,21345,21345,exact,0.008522553786051157,0.008522553786051157
COL,0027,3,epsilon_cover,epsilon_cover,9,9,0.006995707,0.013678537,1.919695181,1.903247227,96,110,1,1,0,21345,21345,pooled_empirical,0.0,0.0
COL,0027,5,epsilon_cover,epsilon_cover,10,10,0.00782843,0.012069606,1.960861851,2.209350227,96,110,1,1,0,21345,21345,pooled_empirical,0.0,0.0
COL,0028,2,epsilon_cover,epsilon_cover,6,6,0.009511889,0.013630374,2.171437709,2.194122822,96,110,1,1,0,21345,21345,exact,0.048620548768275595,0.048620548768275595
COL,0028,3,epsilon_cover,epsilon_cover,10,10,0.009559335,0.016309295,2.411790776,2.173931579,98,111,1,1,0,21345,21345,pooled_empirical,0.0,0.0
COL,0028,5,time_limit,epsilon_cover,11,15,30.00228899,6.343288302,31.91741488,8.604168694,549,558,6384829,3662274,1401790,21345,21345,pooled_empirical,0.1643454038997214,0.0
COL,0029,2,epsilon_cover,epsilon_cover,4,4,0.007814219,0.012305831,1.369329032,1.342551219,98,111,1,1,0,21345,21345,exact,0.008738184086922729,0.008738184086922729
COL,0029,3,epsilon_cover,epsilon_cover,9,9,0.00976892,0.017861667,1.426833573,1.672375922,98,112,6057,3761,988,21345,21345,pooled_empirical,0.0,0.0
COL,0029,5,epsilon_cover,epsilon_cover,11,12,0.08973951,0.016480575,1.969819386,1.608099179,99,113,83238,8614,1365,21345,21345,pooled_empirical,0.14459459459459456,0.0
COL,0030,2,epsilon_cover,epsilon_cover,7,7,0.009208662,0.013539105,2.66680083,2.253605378,100,113,1,1,0,21345,21345,exact,0.022629475524947207,0.022629475524947207
COL,0030,3,epsilon_cover,epsilon_cover,10,10,0.007536417,0.01243144,2.207418212,2.311687284,100,118,1,1,0,21345,21345,pooled_empirical,0.051156950521317635,0.051156950521317635
COL,0030,5,time_limit,epsilon_cover,11,14,30.0084933,0.32669488,33.06629536,2.89515296,560,158,4261212,340607,87103,21345,21345,pooled_empirical,0.1700562527044569,0.0
NY,0001,2,epsilon_cover,epsilon_cover,3,3,0.004381706,0.008523694,1.40598465,1.460408986,63,63,1,1,0,21345,21345,exact,0.02790950412103399,0.02790950412103399
NY,0001,3,epsilon_cover,epsilon_cover,9,9,0.004439004,0.008683498,1.378401768,1.430667156,63,63,1,1,0,21345,21345,pooled_empirical,0.05179282868525892,0.05179282868525892
NY,0001,5,epsilon_cover,epsilon_cover,11,11,0.005405811,0.009572642,1.496582171,1.544055716,63,63,1,1,0,21345,21345,pooled_empirical,0.10224948875255624,0.10224948875255624
NY,0002,2,epsilon_cover,epsilon_cover,4,4,0.006131573,0.009556277,1.137938446,1.064665792,63,63,1,1,0,21345,21345,exact,0.01319104869390908,0.01319104869390908
NY,0002,3,epsilon_cover,epsilon_cover,10,10,0.00530638,0.009178037,1.120055665,1.147335105,63,63,1,1,0,21345,21345,pooled_empirical,0.0,0.0
NY,0002,5,epsilon_cover,epsilon_cover,9,9,0.00491205,0.008370019,1.244941644,1.296132188,63,63,1,1,0,21345,21345,pooled_empirical,0.0,0.0
NY,0003,2,epsilon_cover,epsilon_cover,6,6,0.006239975,0.009505215,1.804350379,1.854770002,63,63,1,1,0,21345,21345,exact,0.029793759763805383,0.029793759763805383
NY,0003,3,epsilon_cover,epsilon_cover,10,10,0.005833785,0.009436991,1.794061619,1.847934075,63,63,1,1,0,21345,21345,pooled_empirical,0.0,0.0
NY,0003,5,time_limit,epsilon_cover,11,13,30.0052569,3.010548022,32.02825208,4.754029909,539,303,4834318,1575854,904334,21345,21345,pooled_empirical,0.13125141434713727,0.0
NY,0004,2,epsilon_cover,epsilon_cover,3,3,0.00640923,0.006070296,1.501667535,1.350698631,63,63,1,1,0,21345,21345,exact,0.017689953674325576,0.017689953674325576
NY,0004,3,epsilon_cover,epsilon_cover,8,8,0.005896383,0.007885032,1.487263836,1.325593416,63,63,1,1,0,21345,21345,pooled_empirical,0.0,0.0
NY,0004,5,epsilon_cover,epsilon_cover,9,9,0.005389918,0.008550694,1.577074796,1.398605408,63,63,1,1,0,21345,21345,pooled_empirical,0.0,0.0
NY,0005,2,epsilon_cover,epsilon_cover,5,5,0.005261684,0.00577776,0.908092762,1.108842784,63,63,1,1,0,21345,21345,exact,0.06366118080731686,0.06366118080731686
NY,0005,3,epsilon_cover,epsilon_cover,9,9,0.047191419,0.016301756,1.233200344,1.175711207,63,63,73158,13808,5390,21345,21345,pooled_empirical,0.0,0.0
NY,0005,5,epsilon_cover,epsilon_cover,10,10,5.078587592,0.03241112,6.400390999,1.389512473,184,63,1596784,31304,14103,21345,21345,pooled_empirical,0.11796733212341204,0.07488986784140961
NY,0006,2,epsilon_cover,epsilon_cover,7,7,0.005827415,0.007971759,1.270774713,1.148920581,63,63,1,1,0,21345,21345,exact,0.037880061806148335,0.037880061806148335
NY,0006,3,epsilon_cover,epsilon_cover,10,10,0.005654959,0.008446203,1.149107857,1.164062884,63,63,2318,872,272,21345,21345,pooled_empirical,0.0,0.0
NY,0006,5,epsilon_cover,epsilon_cover,11,11,0.043920184,0.012642251,1.318952694,1.338320082,63,63,55172,6324,1554,21345,21345,pooled_empirical,0.0,0.0
NY,0007,2,epsilon_cover,epsilon_cover,6,6,0.006253432,0.008104058,1.917674807,1.744277996,63,63,1,1,0,21345,21345,exact,0.020365973609648647,0.020365973609648647
NY,0007,3,epsilon_cover,epsilon_cover,11,11,0.142657692,0.026702572,1.856511047,1.733924039,68,63,175730,28240,11403,21345,21345,pooled_empirical,0.0,0.0
NY,0007,5,time_limit,epsilon_cover,12,13,30.00587731,0.110464244,31.71441817,1.653406168,570,78,4265137,128456,60154,21345,21345,pooled_empirical,0.16154521510096576,0.0
NY,0008,2,epsilon_cover,epsilon_cover,5,5,0.00575064,0.009174979,1.735435569,1.561496132,63,63,1,1,0,21345,21345,exact,0.024994361699248513,0.024994361699248513
NY,0008,3,time_limit,epsilon_cover,10,12,30.00283469,0.341293465,31.58516384,1.790260253,970,135,9580859,338828,175699,21345,21345,pooled_empirical,0.16997138891614005,0.0
NY,0008,5,time_limit,epsilon_cover,12,14,30.00703424,0.478565524,31.36522175,2.069176941,330,135,4073145,402226,220868,21345,21345,pooled_empirical,0.17154255319148937,0.0
NY,0009,2,epsilon_cover,epsilon_cover,5,5,0.004443599,0.009194317,1.762049374,1.827744296,63,63,1,1,0,21345,21345,exact,0.02325911999726693,0.02325911999726693
NY,0009,3,epsilon_cover,epsilon_cover,10,10,0.004781405,0.007696822,1.763351038,1.787536657,63,63,1,1,0,21345,21345,pooled_empirical,0.0,0.0
NY,0009,5,epsilon_cover,epsilon_cover,10,10,10.07080115,0.053130584,12.10376661,1.834197941,307,64,2272000,58420,22198,21345,21345,pooled_empirical,0.0,0.0
NY,0010,2,epsilon_cover,epsilon_cover,4,4,0.004487888,0.008867441,0.997421942,0.926729613,63,63,1,1,0,21345,21345,exact,0.044018307645647736,0.044018307645647736
NY,0010,3,epsilon_cover,epsilon_cover,6,6,0.006347703,0.006573848,1.113072782,0.993877974,63,63,1,1,0,21345,21345,pooled_empirical,0.0,0.0
NY,0010,5,epsilon_cover,epsilon_cover,6,6,0.005384462,0.006920768,1.111850934,1.168755938,63,63,1,1,0,21345,21345,pooled_empirical,0.0,0.0
NY,0011,2,epsilon_cover,epsilon_cover,7,7,0.004390091,0.008298732,1.380445868,1.383216749,63,63,1,1,0,21345,21345,exact,0.03715897386117906,0.03715897386117906
NY,0011,3,epsilon_cover,epsilon_cover,9,10,10.11992065,0.101525635,11.50904047,1.46844469,521,77,4747105,120354,59104,21345,21345,pooled_empirical,0.04475043029259895,0.06919275123558477
NY,0011,5,time_limit,epsilon_cover,11,114,30.00018819,0.434604328,31.72548595,1.933945129,522,135,5167075,307693,158020,21345,21345,pooled_empirical,0.239460370994941,0.008621450248122553
NY,0012,2,epsilon_cover,epsilon_cover,6,6,0.006009619,0.009256109,1.418681641,1.278264132,63,63,1,1,0,21345,21345,exact,0.03646008862260497,0.03646008862260497
NY,0012,3,epsilon_cover,epsilon_cover,11,11,0.013952617,0.011640238,1.269716124,1.302732508,63,63,23037,6097,1424,21345,21345,pooled_empirical,0.0,0.0
NY,0012,5,epsilon_cover,epsilon_cover,14,14,7.763223279,0.096234337,9.353820549,1.454275865,201,75,2043622,93234,33674,21345,21345,pooled_empirical,0.10093405590755355,0.13486005089058528
NY,0013,2,epsilon_cover,epsilon_cover,6,6,0.004730299,0.009211816,1.497792278,1.557913996,63,63,1,1,0,21345,21345,exact,0.02543037067168963,0.02543037067168963
NY,0013,3,epsilon_cover,epsilon_cover,10,10,3.349742863,0.151037533,4.876649852,1.677026337,297,97,2480319,165866,65621,21345,21345,pooled_empirical,0.0,0.0
NY,0013,5,time_limit,epsilon_cover,10,12,30.00261784,0.643586499,31.59631631,2.295005809,560,135,4907257,442839,217295,21345,21345,pooled_empirical,0.08712241653418129,0.0
NY,0014,2,epsilon_cover,epsilon_cover,6,6,0.004455312,0.008127049,1.299775089,1.386515208,63,63,1,1,0,21345,21345,exact,0.020010616228898215,0.020010616228898215
NY,0014,3,epsilon_cover,epsilon_cover,11,12,18.60723793,0.151386604,20.11142919,1.663664702,521,96,7594306,161663,74222,21345,21345,pooled_empirical,0.10954063604240272,0.0
NY,0014,5,time_limit,epsilon_cover,11,14,30.00044127,0.2539109,31.51322876,1.763864748,540,106,4839143,253575,125966,21345,21345,pooled_empirical,0.12499485226662377,0.0
NY,0015,2,epsilon_cover,epsilon_cover,7,7,0.006100746,0.008668055,1.900203249,1.700682613,63,63,1,1,0,21345,21345,exact,0.01203947761009383,0.01203947761009383
NY,0015,3,time_limit,epsilon_cover,11,14,30.00534953,1.295001519,31.72006633,3.036203547,521,191,6793618,756354,427998,21345,21345,pooled_empirical,0.14454045561665363,0.050468637346791745
NY,0015,5,time_limit,epsilon_cover,12,24,30.00417415,3.154854696,31.5910785,4.728751439,327,303,4035068,1576944,892573,21345,21345,pooled_empirical,0.1604631927212572,0.0
NY,0016,2,epsilon_cover,epsilon_cover,2,2,0.00348047,0.008346533,0.908437629,0.904198602,63,63,1,1,0,21345,21345,exact,0.0,0.0
NY,0016,3,epsilon_cover,epsilon_cover,5,5,0.005391431,0.004991453,0.994498042,0.850493249,63,63,1,1,0,21345,21345,pooled_empirical,0.0,0.0
NY,0016,5,epsilon_cover,epsilon_cover,6,6,0.004872657,0.009592817,1.141326142,1.165192294,63,63,1,1,0,21345,21345,pooled_empirical,0.0,0.0
NY,0017,2,epsilon_cover,epsilon_cover,4,4,0.005604534,0.008853437,1.099931639,1.130748345,63,63,1,1,0,21345,21345,exact,0.020997989677800533,0.020997989677800533
NY,0017,3,epsilon_cover,epsilon_cover,9,10,0.372395028,0.025666291,1.711481078,1.178569505,97,63,455720,27121,10977,21345,21345,pooled_empirical,0.14414414414414423,0.0
NY,0017,5,epsilon_cover,epsilon_cover,14,14,28.93325179,0.036829955,30.20912127,1.303391094,537,63,4462521,38495,15997,21345,21345,pooled_empirical,0.11637931034482762,0.07906976744186056
NY,0018,2,epsilon_cover,epsilon_cover,3,3,0.005603592,0.006771777,1.13587599,1.161368997,63,63,1,1,0,21345,21345,exact,0.042431369144624975,0.042431369144624975
NY,0018,3,epsilon_cover,epsilon_cover,10,10,0.00574216,0.008239466,1.138693829,1.181155416,63,63,1,1,0,21345,21345,pooled_empirical,0.0,0.0
NY,0018,5,epsilon_cover,epsilon_cover,11,11,0.006109742,0.008860219,1.470565881,1.321205229,63,63,1,1,0,21345,21345,pooled_empirical,0.0,0.0
NY,0019,2,epsilon_cover,epsilon_cover,6,6,0.007279146,0.008451984,1.535780454,1.338274951,63,63,1,1,0,21345,21345,exact,0.049254912303837495,0.049254912303837495
NY,0019,3,epsilon_cover,epsilon_cover,10,10,0.005897591,0.006863908,1.455259915,1.196238334,63,63,66,62,4,21345,21345,pooled_empirical,0.0,0.0
NY,0019,5,epsilon_cover,epsilon_cover,12,12,0.018133135,0.010242317,1.652972459,1.39914647,63,63,19880,2631,711,21345,21345,pooled_empirical,0.0,0.0
NY,0020,2,epsilon_cover,epsilon_cover,4,4,0.00570934,0.006044586,1.113857024,1.073309152,63,63,3118,1054,360,21345,21345,exact,0.12437922129519263,0.12437922129519263
NY,0020,3,epsilon_cover,epsilon_cover,8,9,0.190156677,0.024287612,1.48510665,1.205198885,69,63,196862,24253,12223,21345,21345,pooled_empirical,0.13818181818181818,0.0
NY,0020,5,epsilon_cover,epsilon_cover,11,12,2.835579089,0.033200901,4.150039471,1.327582334,185,63,1334223,33649,15152,21345,21345,pooled_empirical,0.13861386138613851,0.047670639219935085
NY,0021,2,epsilon_cover,epsilon_cover,4,4,0.006651208,0.006494836,1.176919508,1.080280646,63,63,1,1,0,21345,21345,exact,0.01769697301839579,0.01769697301839579
NY,0021,3,epsilon_cover,epsilon_cover,10,10,0.013299577,0.01082654,1.19761377,1.172490679,63,63,18203,4058,1593,21345,21345,pooled_empirical,0.0,0.0
NY,0021,5,epsilon_cover,epsilon_cover,11,12,0.069208834,0.012027058,1.523951937,1.288503771,63,63,75153,7063,2548,21345,21345,pooled_empirical,0.11848341232227488,0.0
NY,0022,2,epsilon_cover,epsilon_cover,5,5,0.005886699,0.006895374,1.965159347,1.448157007,63,63,1,1,0,21345,21345,exact,0.030460346194700838,0.030460346194700838
NY,0022,3,epsilon_cover,epsilon_cover,11,11,0.006435138,0.008891152,1.730498164,1.748735412,63,63,1,1,0,21345,21345,pooled_empirical,0.0,0.0
NY,0022,5,epsilon_cover,epsilon_cover,11,11,0.029729947,0.009531041,1.969586525,1.646535938,63,63,30922,3060,1148,21345,21345,pooled_empirical,0.0,0.0
NY,0023,2,epsilon_cover,epsilon_cover,2,2,0.00479902,0.007721248,0.993545937,0.872712715,63,63,1,1,0,21345,21345,exact,0.013072566081103298,0.013072566081103298
NY,0023,3,epsilon_cover,epsilon_cover,6,6,0.004515027,0.011161646,0.965562733,0.988431891,63,63,1,1,0,21345,21345,pooled_empirical,0.0,0.0
NY,0023,5,epsilon_cover,epsilon_cover,5,5,0.003816624,0.007744267,1.162131247,1.1229108,63,63,1,1,0,21345,21345,pooled_empirical,0.0,0.0
NY,0024,2,epsilon_cover,epsilon_cover,4,4,0.006650756,0.005302579,1.1438311,0.834435374,63,63,1,1,0,21345,21345,exact,0.03742967056376334,0.03742967056376334
NY,0024,3,epsilon_cover,epsilon_cover,8,8,0.006996769,0.009544634,1.275756779,1.111865691,63,63,2145,1943,718,21345,21345,pooled_empirical,0.0,0.0
NY,0024,5,epsilon_cover,epsilon_cover,11,11,0.013315603,0.011951262,1.440127832,1.27299986,63,63,11863,4283,2039,21345,21345,pooled_empirical,0.0,0.0
NY,0025,2,epsilon_cover,epsilon_cover,5,5,0.0041532,0.008594511,1.495844069,1.689985043,63,63,1,1,0,21345,21345,exact,0.09032039084597576,0.09032039084597576
NY,0025,3,time_limit,epsilon_cover,10,12,30.00079712,0.417755465,31.97642188,2.04025753,969,135,9481042,377477,200858,21345,21345,pooled_empirical,0.13369085847859719,0.0
NY,0025,5,time_limit,epsilon_cover,12,44,30.01152743,1.820902889,32.00724485,3.537013617,297,191,4022870,1027813,597261,21345,21345,pooled_empirical,0.21518987341772156,0.0
NY,0026,2,epsilon_cover,epsilon_cover,2,2,0.004637145,0.008808263,1.028977512,0.933779482,63,63,1,1,0,21345,21345,exact,0.0,0.0
NY,0026,3,epsilon_cover,epsilon_cover,5,5,0.006041377,0.005729018,1.124078698,1.012790144,63,63,1,1,0,21345,21345,pooled_empirical,0.0,0.0
NY,0026,5,epsilon_cover,epsilon_cover,8,8,0.005605905,0.008755018,1.193761919,1.166388271,63,63,1,1,0,21345,21345,pooled_empirical,0.0,0.0
NY,0027,2,epsilon_cover,epsilon_cover,5,5,0.006043177,0.008640456,1.336911192,1.359689218,63,63,1,1,0,21345,21345,exact,0.01671254639545139,0.01671254639545139
NY,0027,3,epsilon_cover,epsilon_cover,8,9,7.267149756,0.105385792,8.889785165,1.480615686,297,78,3180822,126725,53190,21345,21345,pooled_empirical,0.14607948442534902,0.0
NY,0027,5,time_limit,epsilon_cover,10,11,30.00871906,0.168530416,31.33717679,1.653950683,526,95,4766127,156099,65787,21345,21345,pooled_empirical,0.11270718232044197,0.0
NY,0028,2,epsilon_cover,epsilon_cover,4,4,0.00599073,0.007340453,1.276229542,1.129476074,63,63,1,1,0,21345,21345,exact,0.0125237150741635,0.0125237150741635
NY,0028,3,epsilon_cover,epsilon_cover,9,9,0.12861013,0.021903514,1.491458985,1.045796524,68,63,175101,31705,11446,21345,21345,pooled_empirical,0.0,0.0
NY,0028,5,time_limit,epsilon_cover,12,19,30.00639678,0.154266085,31.42572662,1.46407555,535,95,5175684,155440,60633,21345,21345,pooled_empirical,0.1317307692307692,0.03483870967741942
NY,0029,2,epsilon_cover,epsilon_cover,6,6,0.005774695,0.007840711,1.291968783,1.065707392,63,63,1,1,0,21345,21345,exact,0.013123626367420815,0.013123626367420815
NY,0029,3,epsilon_cover,epsilon_cover,11,11,1.702892897,0.065863424,3.149992093,1.315431794,185,73,1150273,72352,35887,21345,21345,pooled_empirical,0.03230563202512404,0.045883940620782715
NY,0029,5,time_limit,epsilon_cover,12,14,30.00855291,0.114837442,31.64876061,1.508890565,306,76,3146819,110235,54670,21345,21345,pooled_empirical,0.15384615384615374,0.0
NY,0030,2,epsilon_cover,epsilon_cover,3,3,0.005198031,0.005523407,0.831863097,0.942977426,63,63,1,1,0,21345,21345,exact,0.0007026225494422,0.0007026225494422
NY,0030,3,epsilon_cover,epsilon_cover,5,5,0.005602037,0.005734768,0.900351909,0.897569213,63,63,1,1,0,21345,21345,pooled_empirical,0.0,0.0
NY,0030,5,epsilon_cover,epsilon_cover,8,8,0.004971132,0.009279827,1.03089374,1.192691241,63,63,1,1,0,21345,21345,pooled_empirical,0.05360134003350092,0.05360134003350092
