dataset,query_id,objective_count,method,epsilon,status,certified,paths,reference_kind,reference_size,reference_configurations,empirical_epsilon,load_seconds,preprocess_seconds,search_seconds,total_seconds,peak_rss_mb,expanded,file
BAY,0001,2,NAMOA_dr_goal_epsilon,0.05,epsilon_cover,True,5,exact,76,5,0.049398358725975866,0.645122981,0.342262972,0.00727407,0.996919852,68,1554,BAY_0001_m2_e0.05_95fbb37d8c5ca316.json
BAY,0001,2,NAMOA_dr_goal_epsilon,0.0,exact,True,76,exact,76,5,0.0,0.732469165,0.338012594,0.013973688,1.086243158,68,14180,BAY_0001_m2_e0.0_4a6a2b629c6e12a5.json
BAY,0001,2,NAMOA_dr_goal_epsilon,0.1,epsilon_cover,True,4,exact,76,5,0.0531263127919861,0.720673314,0.343460703,0.005814842,1.071316589,68,0,BAY_0001_m2_e0.1_50adafff5efd19d0.json
BAY,0001,2,NAMOA_dr_goal_epsilon,0.2,epsilon_cover,True,4,exact,76,5,0.0531263127919861,0.674881,0.422827457,0.008615634,1.108968319,68,0,BAY_0001_m2_e0.2_12f14591795ac117.json
BAY,0001,2,weighted_seeds,0.0,seed_only,False,4,exact,76,5,0.0531263127919861,0.736493219,0.335153905,0,1.07164985,69,0,BAY_0001_m2_seed_c76d1f6827132e76.json
BAY,0001,3,NAMOA_dr_goal_epsilon,0.05,epsilon_cover,True,16,pooled_empirical,17,4,0.006188008626389907,0.770480744,0.594032644,1.266387999,2.644007211,192,1312904,BAY_0001_m3_e0.05_580bdfcef4519e91.json
BAY,0001,3,NAMOA_dr_goal_epsilon,0.1,epsilon_cover,True,11,pooled_empirical,17,4,0.05691173419808493,0.77019319,0.596703251,0.507964978,1.882113625,136,560073,BAY_0001_m3_e0.1_3bf6a1171bf2879e.json
BAY,0001,3,NAMOA_dr_goal_epsilon,0.2,epsilon_cover,True,10,pooled_empirical,17,4,0.10403397027600847,0.631096702,0.487305078,0.113890357,1.234894059,76,164418,BAY_0001_m3_e0.2_48c1eae2bddd902a.json
BAY,0001,3,weighted_seeds,0.0,seed_only,False,10,pooled_empirical,17,4,0.10403397027600847,0.73667863,0.503977634,0,1.240658905,68,0,BAY_0001_m3_seed_1a05f0241b18938c.json
BAY,0001,5,NAMOA_dr_goal_epsilon,0.05,time_limit,False,20,pooled_empirical,23,4,0.04831932773109249,0.755474598,0.746540329,30.00206005,31.533084,591,4969921,BAY_0001_m5_e0.05_5225a7a53f4b0411.json
BAY,0001,5,NAMOA_dr_goal_epsilon,0.1,epsilon_cover,True,13,pooled_empirical,23,4,0.08703703703703702,0.646966405,0.641346682,15.50643632,16.81737155,359,3740837,BAY_0001_m5_e0.1_2259f324356b6d1b.json
BAY,0001,5,NAMOA_dr_goal_epsilon,0.2,epsilon_cover,True,9,pooled_empirical,23,4,0.13669064748201443,0.803511704,0.855791546,2.519198609,4.18677157,136,797823,BAY_0001_m5_e0.2_e5713c6692b9a18e.json
BAY,0001,5,weighted_seeds,0.0,seed_only,False,9,pooled_empirical,23,4,0.13669064748201443,0.735325642,0.616283161,0,1.351611292,68,0,BAY_0001_m5_seed_fccfcd82c5894ebe.json
BAY,0002,2,NAMOA_dr_goal_epsilon,0.0,exact,True,34,exact,34,2,0.0,0.752282975,0.349122179,0.011820394,1.115011531,69,13019,BAY_0002_m2_e0.0_b03fa3d17aa75575.json
BAY,0002,2,NAMOA_dr_goal_epsilon,0.2,epsilon_cover,True,4,exact,34,2,0.010978743931887358,0.642247724,0.300034281,0.006436042,0.950317008,68,0,BAY_0002_m2_e0.2_2dfb09b5fd79ef64.json
BAY,0002,3,NAMOA_dr_goal_epsilon,0.2,epsilon_cover,True,8,unavailable_single_config,8,1,,0.617962039,0.408410488,0.005557467,1.033482715,68,119,BAY_0002_m3_e0.2_70ea448b933168d3.json
BAY,0002,5,NAMOA_dr_goal_epsilon,0.2,epsilon_cover,True,10,unavailable_single_config,10,1,,0.795094084,0.7860359,0.014059342,1.597613012,68,13746,BAY_0002_m5_e0.2_d550798e592a0f23.json
BAY,0003,2,NAMOA_dr_goal_epsilon,0.0,exact,True,30,exact,30,2,0.0,0.725987547,0.505061196,0.008925131,1.241196774,68,12610,BAY_0003_m2_e0.0_db688730c302eac3.json
BAY,0003,2,NAMOA_dr_goal_epsilon,0.2,epsilon_cover,True,4,exact,30,2,0.011242938356530674,0.617821528,0.476551745,0.006216043,1.102039259,68,0,BAY_0003_m2_e0.2_d79c5945a02fed69.json
BAY,0003,3,NAMOA_dr_goal_epsilon,0.2,epsilon_cover,True,9,unavailable_single_config,9,1,,0.632877899,0.563736855,1.276377702,2.483542972,192,1332157,BAY_0003_m3_e0.2_0e6d9ba93d7bc5fa.json
BAY,0003,5,NAMOA_dr_goal_epsilon,0.2,time_limit,False,10,unavailable_single_config,10,1,,0.630306326,0.686760122,30.00637973,31.3637488,565,5279785,BAY_0003_m5_e0.2_4d3c2a4684f9d04f.json
BAY,0004,2,NAMOA_dr_goal_epsilon,0.0,exact,True,497,exact,497,2,0.0,0.731047999,1.026967376,0.591951778,2.353352212,136,502549,BAY_0004_m2_e0.0_bef93c35b1e032df.json
BAY,0004,2,NAMOA_dr_goal_epsilon,0.2,epsilon_cover,True,7,exact,497,2,0.05534999723759082,0.751683421,1.064099986,0.006173279,1.823633456,68,0,BAY_0004_m2_e0.2_3ad8b90f2f04203e.json
BAY,0004,3,NAMOA_dr_goal_epsilon,0.2,epsilon_cover,True,12,unavailable_single_config,12,1,,0.60664757,0.959088821,0.005920556,1.573025992,68,2122,BAY_0004_m3_e0.2_67cdc9477d0272ac.json
BAY,0004,5,NAMOA_dr_goal_epsilon,0.2,time_limit,False,13,unavailable_single_config,13,1,,0.787785124,1.422392421,30.0000796,32.24150016,560,4650076,BAY_0004_m5_e0.2_510e0cef27f3c971.json
BAY,0005,2,NAMOA_dr_goal_epsilon,0.0,exact,True,126,exact,126,2,0.0,0.757827794,1.380358736,0.243356045,2.386142941,100,308455,BAY_0005_m2_e0.0_25811c99ac5b9422.json
BAY,0005,2,NAMOA_dr_goal_epsilon,0.2,epsilon_cover,True,4,exact,126,2,0.021855765912971004,0.625494552,1.029726914,0.005558572,1.662091253,68,0,BAY_0005_m2_e0.2_21773ea972444385.json
BAY,0005,3,NAMOA_dr_goal_epsilon,0.2,epsilon_cover,True,10,unavailable_single_config,10,1,,0.625275369,1.060604791,2.060208537,3.757665006,192,1880744,BAY_0005_m3_e0.2_17ec2ca2ca70e908.json
BAY,0005,5,NAMOA_dr_goal_epsilon,0.2,time_limit,False,11,unavailable_single_config,11,1,,0.608096353,1.03293943,30.00509319,31.67378658,532,3992755,BAY_0005_m5_e0.2_dab1de039f02a051.json
BAY,0006,2,NAMOA_dr_goal_epsilon,0.0,exact,True,23,exact,23,2,0.0,0.729742077,0.416259386,0.007138467,1.154292191,69,5277,BAY_0006_m2_e0.0_9393405941bab017.json
BAY,0006,2,NAMOA_dr_goal_epsilon,0.2,epsilon_cover,True,3,exact,23,2,0.03792032909229093,0.745109556,0.431424247,0.005511164,1.183384475,69,0,BAY_0006_m2_e0.2_819156cdecad7a7d.json
BAY,0006,3,NAMOA_dr_goal_epsilon,0.2,epsilon_cover,True,8,unavailable_single_config,8,1,,0.791908404,0.663802027,0.008635386,1.466845659,68,300,BAY_0006_m3_e0.2_bc1111ef6ad41199.json
BAY,0006,5,NAMOA_dr_goal_epsilon,0.2,epsilon_cover,True,10,unavailable_single_config,10,1,,0.627409318,0.591571583,0.00734547,1.227993112,68,3014,BAY_0006_m5_e0.2_ea2323e76bf2a971.json
BAY,0007,2,NAMOA_dr_goal_epsilon,0.0,exact,True,18,exact,18,2,0.0,0.755593134,0.365819347,0.01083507,1.134064649,68,8597,BAY_0007_m2_e0.0_c70582a007873eee.json
BAY,0007,2,NAMOA_dr_goal_epsilon,0.2,epsilon_cover,True,3,exact,18,2,0.05492992814967623,0.673651645,0.365995756,0.008281663,1.050504145,68,0,BAY_0007_m2_e0.2_c04cbd7b2444b0c0.json
BAY,0007,3,NAMOA_dr_goal_epsilon,0.2,epsilon_cover,True,10,unavailable_single_config,10,1,,0.784376944,0.54209571,0.158923719,1.489217213,76,143833,BAY_0007_m3_e0.2_a0aab1b370b449a2.json
BAY,0007,5,NAMOA_dr_goal_epsilon,0.2,time_limit,False,10,unavailable_single_config,10,1,,0.626224056,0.52692783,30.00676985,31.17978229,556,3699387,BAY_0007_m5_e0.2_9b6b32d504dfde29.json
BAY,0008,2,NAMOA_dr_goal_epsilon,0.0,exact,True,6,exact,6,2,0.0,0.732877756,0.286479503,0.00649487,1.027028898,69,2669,BAY_0008_m2_e0.0_531b1db95bf9447d.json
BAY,0008,2,NAMOA_dr_goal_epsilon,0.2,epsilon_cover,True,2,exact,6,2,0.022499756465134357,0.743842663,0.308379991,0.00665753,1.060367219,68,0,BAY_0008_m2_e0.2_92fe9f775cd8d826.json
BAY,0008,3,NAMOA_dr_goal_epsilon,0.2,epsilon_cover,True,7,unavailable_single_config,7,1,,0.671342259,0.478153785,0.008025006,1.160022355,69,656,BAY_0008_m3_e0.2_33447dfcbd6d6d51.json
BAY,0008,5,NAMOA_dr_goal_epsilon,0.2,epsilon_cover,True,10,unavailable_single_config,10,1,,0.604780353,0.501319652,0.017689728,1.125510101,69,27700,BAY_0008_m5_e0.2_77951ad785f734e6.json
BAY,0009,2,NAMOA_dr_goal_epsilon,0.0,exact,True,70,exact,70,2,0.0,0.613230547,0.801071899,0.215298047,1.632124369,101,328943,BAY_0009_m2_e0.0_59d23e1b7c53e935.json
BAY,0009,2,NAMOA_dr_goal_epsilon,0.2,epsilon_cover,True,5,exact,70,2,0.015648149936249522,0.772015765,1.078947558,0.008037403,1.861447767,68,0,BAY_0009_m2_e0.2_d3e27985fee349f0.json
BAY,0009,3,NAMOA_dr_goal_epsilon,0.2,epsilon_cover,True,11,unavailable_single_config,11,1,,0.78530531,1.286616852,0.026172628,2.100807556,69,36908,BAY_0009_m3_e0.2_2c909396dc345c51.json
BAY,0009,5,NAMOA_dr_goal_epsilon,0.2,time_limit,False,12,unavailable_single_config,12,1,,0.745373323,1.072697154,30.00309636,31.85513067,570,4064529,BAY_0009_m5_e0.2_504acbcefccd8456.json
BAY,0010,2,NAMOA_dr_goal_epsilon,0.0,exact,True,191,exact,191,2,0.0,0.760517175,1.024090442,0.112027995,1.898540572,74,134092,BAY_0010_m2_e0.0_4425030b0c53ef40.json
BAY,0010,2,NAMOA_dr_goal_epsilon,0.2,epsilon_cover,True,5,exact,191,2,0.009525499133425264,0.625078418,0.77253577,0.006047771,1.405072047,68,0,BAY_0010_m2_e0.2_ab4f5b952faf94af.json
BAY,0010,3,NAMOA_dr_goal_epsilon,0.2,epsilon_cover,True,9,unavailable_single_config,9,1,,0.78303269,1.144040205,0.007983966,1.937450994,68,0,BAY_0010_m3_e0.2_ad3d525dc08d2e1b.json
BAY,0010,5,NAMOA_dr_goal_epsilon,0.2,epsilon_cover,True,11,unavailable_single_config,11,1,,0.606816099,0.858016347,0.004855269,1.471163957,68,0,BAY_0010_m5_e0.2_958cce14fab47d32.json
BAY,0011,2,NAMOA_dr_goal_epsilon,0.0,exact,True,94,exact,94,2,0.0,0.72741308,0.571272264,0.022183631,1.322597623,68,32051,BAY_0011_m2_e0.0_e6ce492992d14e11.json
BAY,0011,2,NAMOA_dr_goal_epsilon,0.2,epsilon_cover,True,4,exact,94,2,0.025215777029806485,0.618860699,0.539344967,0.005449444,1.16505001,68,0,BAY_0011_m2_e0.2_242cc25412cad110.json
BAY,0011,3,NAMOA_dr_goal_epsilon,0.2,epsilon_cover,True,9,unavailable_single_config,9,1,,0.778220397,0.824595512,0.007744334,1.612901716,68,0,BAY_0011_m3_e0.2_7a95eaf0e9314279.json
BAY,0011,5,NAMOA_dr_goal_epsilon,0.2,epsilon_cover,True,10,unavailable_single_config,10,1,,0.632383998,0.660222161,0.454302492,1.750899437,99,333704,BAY_0011_m5_e0.2_4b3de5d1b62dabf5.json
BAY,0012,2,NAMOA_dr_goal_epsilon,0.0,exact,True,364,exact,364,2,0.0,0.758424128,1.345598388,1.298006308,3.412583783,190,1451346,BAY_0012_m2_e0.0_d19a0fa8625209ae.json
BAY,0012,2,NAMOA_dr_goal_epsilon,0.2,epsilon_cover,True,3,exact,364,2,0.05863725554050103,0.751126045,1.191407059,0.00545739,1.949849276,69,0,BAY_0012_m2_e0.2_12031f6041d07d7e.json
BAY,0012,3,NAMOA_dr_goal_epsilon,0.2,time_limit,False,9,unavailable_single_config,9,1,,0.782639596,1.520533551,30.00219902,32.3548009,532,5138733,BAY_0012_m3_e0.2_1c443578012897ce.json
BAY,0012,5,NAMOA_dr_goal_epsilon,0.2,time_limit,False,11,unavailable_single_config,11,1,,0.784318209,1.505266476,30.00058059,32.32247546,341,3414840,BAY_0012_m5_e0.2_88f2c75f1bd3935e.json
BAY,0013,2,NAMOA_dr_goal_epsilon,0.0,exact,True,53,exact,53,2,0.0,0.754612916,0.988442158,0.044131745,1.790135394,70,58001,BAY_0013_m2_e0.0_98f57eeef56a5d35.json
BAY,0013,2,NAMOA_dr_goal_epsilon,0.2,epsilon_cover,True,6,exact,53,2,0.013195011901801168,0.628380251,0.735103092,0.006251516,1.371440558,68,0,BAY_0013_m2_e0.2_61ce3a69b007678c.json
BAY,0013,3,NAMOA_dr_goal_epsilon,0.2,epsilon_cover,True,11,unavailable_single_config,11,1,,0.720353007,1.001810488,6.195407397,7.945675157,304,3251115,BAY_0013_m3_e0.2_aee7887775d185fe.json
BAY,0013,5,NAMOA_dr_goal_epsilon,0.2,time_limit,False,11,unavailable_single_config,11,1,,0.746693244,0.968323333,30.00259648,31.74511665,570,3649266,BAY_0013_m5_e0.2_28b7fa53809e8048.json
BAY,0014,2,NAMOA_dr_goal_epsilon,0.0,exact,True,735,exact,735,2,0.0,0.758760717,0.810023624,0.465854053,2.03875113,99,295807,BAY_0014_m2_e0.0_55c901cfde020341.json
BAY,0014,2,NAMOA_dr_goal_epsilon,0.2,epsilon_cover,True,5,exact,735,2,0.053945431023430634,0.628093877,0.620679807,0.005666003,1.255931182,68,0,BAY_0014_m2_e0.2_df74715fa4cca794.json
BAY,0014,3,NAMOA_dr_goal_epsilon,0.2,epsilon_cover,True,10,unavailable_single_config,10,1,,0.64032392,0.695620665,0.094285336,1.432315739,75,144592,BAY_0014_m3_e0.2_5990b349252d78ed.json
BAY,0014,5,NAMOA_dr_goal_epsilon,0.2,time_limit,False,11,unavailable_single_config,11,1,,0.63288391,0.828036069,30.00203866,31.48115069,316,3640053,BAY_0014_m5_e0.2_a66889fff1a377f8.json
BAY,0015,2,NAMOA_dr_goal_epsilon,0.05,epsilon_cover,True,6,exact,83,5,0.01610853420385472,0.741433293,0.901868568,0.006064966,1.650564397,68,0,BAY_0015_m2_e0.05_dbd0376e8a88c8a7.json
BAY,0015,2,NAMOA_dr_goal_epsilon,0.0,exact,True,83,exact,83,5,0.0,0.61728647,0.76241861,0.155080559,1.537212948,94,233908,BAY_0015_m2_e0.0_d77052ffe3642904.json
BAY,0015,2,NAMOA_dr_goal_epsilon,0.1,epsilon_cover,True,6,exact,83,5,0.01610853420385472,0.757919972,1.026618751,0.006907946,1.793226373,68,0,BAY_0015_m2_e0.1_0c278c96a6ca05a3.json
BAY,0015,2,NAMOA_dr_goal_epsilon,0.2,epsilon_cover,True,6,exact,83,5,0.01610853420385472,0.63399238,0.837101306,0.00604208,1.478577476,68,0,BAY_0015_m2_e0.2_37cb02e2a9cba1a2.json
BAY,0015,2,weighted_seeds,0.0,seed_only,False,6,exact,83,5,0.01610853420385472,0.740210005,0.903346656,0,1.643559408,68,0,BAY_0015_m2_seed_7b2bf7e98c637ccd.json
BAY,0015,3,NAMOA_dr_goal_epsilon,0.05,time_limit,False,11,pooled_empirical,11,4,0.0,0.605040966,0.856908574,30.00246425,31.50048894,977,7386429,BAY_0015_m3_e0.05_a0db0d9589314d34.json
BAY,0015,3,NAMOA_dr_goal_epsilon,0.1,time_limit,False,11,pooled_empirical,11,4,0.0,0.757060157,1.134148009,30.00086634,31.93138352,528,7156565,BAY_0015_m3_e0.1_25c6d466b4dd5bd1.json
BAY,0015,3,NAMOA_dr_goal_epsilon,0.2,epsilon_cover,True,11,pooled_empirical,11,4,0.0,0.638466867,0.958089276,0.007022531,1.605212585,68,1345,BAY_0015_m3_e0.2_382e43a80ae88c77.json
BAY,0015,3,weighted_seeds,0.0,seed_only,False,11,pooled_empirical,11,4,0.0,0.729168016,0.919502858,0,1.648673591,69,0,BAY_0015_m3_seed_0134048ea509c013.json
BAY,0015,5,NAMOA_dr_goal_epsilon,0.05,time_limit,False,12,pooled_empirical,12,4,0.0,0.752820521,1.00612786,30.00484328,31.78851456,528,4933891,BAY_0015_m5_e0.05_6bebb99c48b33fea.json
BAY,0015,5,NAMOA_dr_goal_epsilon,0.1,time_limit,False,12,pooled_empirical,12,4,0.0,0.601299611,0.875073175,30.00406326,31.49841762,528,4095514,BAY_0015_m5_e0.1_f9dbce964bcb9217.json
BAY,0015,5,NAMOA_dr_goal_epsilon,0.2,time_limit,False,12,pooled_empirical,12,4,0.0,0.636836025,1.018371497,30.00714511,31.6810716,311,3308965,BAY_0015_m5_e0.2_faa7e75b8e451d42.json
BAY,0015,5,weighted_seeds,0.0,seed_only,False,12,pooled_empirical,12,4,0.0,0.753601695,1.181012449,0,1.934617267,69,0,BAY_0015_m5_seed_9bdd3c907c2aa65b.json
BAY,0016,2,NAMOA_dr_goal_epsilon,0.0,exact,True,98,exact,98,2,0.0,0.7605853,0.365153942,0.019258211,1.147522078,86,31106,BAY_0016_m2_e0.0_c5ca06ee9a6da5ea.json
BAY,0016,2,NAMOA_dr_goal_epsilon,0.2,epsilon_cover,True,2,exact,98,2,0.015848079550147665,0.788123793,0.413784423,0.008981912,1.213538114,68,0,BAY_0016_m2_e0.2_a67a78dabd4680ca.json
BAY,0016,3,NAMOA_dr_goal_epsilon,0.2,epsilon_cover,True,10,unavailable_single_config,10,1,,0.759590276,0.457535245,0.049502466,1.269157987,68,68244,BAY_0016_m3_e0.2_78e816f11bee2c59.json
BAY,0016,5,NAMOA_dr_goal_epsilon,0.2,epsilon_cover,True,15,unavailable_single_config,15,1,,0.793008008,0.79655767,0.649890857,2.244560172,97,279505,BAY_0016_m5_e0.2_b39ef6093a8e0907.json
BAY,0017,2,NAMOA_dr_goal_epsilon,0.0,exact,True,41,exact,41,2,0.0,0.71503173,0.759647853,0.016925668,1.492828667,86,30377,BAY_0017_m2_e0.0_f17534b19e5f4e7f.json
BAY,0017,2,NAMOA_dr_goal_epsilon,0.2,epsilon_cover,True,6,exact,41,2,0.020642479898962174,0.660288905,0.894279611,0.007230657,1.564258538,69,0,BAY_0017_m2_e0.2_c9174dcea1188873.json
BAY,0017,3,NAMOA_dr_goal_epsilon,0.2,epsilon_cover,True,10,unavailable_single_config,10,1,,0.761922605,0.811402822,0.00675453,1.582057789,68,0,BAY_0017_m3_e0.2_eed3900ec1db09b4.json
BAY,0017,5,NAMOA_dr_goal_epsilon,0.2,epsilon_cover,True,11,unavailable_single_config,11,1,,0.760088193,0.923991931,0.027176406,1.713564238,68,33698,BAY_0017_m5_e0.2_1d7181fd2c652af8.json
BAY,0018,2,NAMOA_dr_goal_epsilon,0.0,exact,True,306,exact,306,2,0.0,0.725583091,0.552327856,0.55421602,1.8361668,136,547398,BAY_0018_m2_e0.0_484b6ae0452634fc.json
BAY,0018,2,NAMOA_dr_goal_epsilon,0.2,epsilon_cover,True,4,exact,306,2,0.12574934567074392,0.785551877,0.748873039,0.015105605,1.552176367,68,22256,BAY_0018_m2_e0.2_3eb485a0d6b95499.json
BAY,0018,3,NAMOA_dr_goal_epsilon,0.2,epsilon_cover,True,11,unavailable_single_config,11,1,,0.786449041,0.858658007,7.341124208,9.013134016,304,2134566,BAY_0018_m3_e0.2_829bf7c36036a23a.json
BAY,0018,5,NAMOA_dr_goal_epsilon,0.2,time_limit,False,11,unavailable_single_config,11,1,,0.759036713,0.89347238,30.00158922,31.66958675,305,2211799,BAY_0018_m5_e0.2_61fca7ed25bf4144.json
BAY,0019,2,NAMOA_dr_goal_epsilon,0.0,exact,True,49,exact,49,2,0.0,0.724303435,0.405605927,0.014091258,1.145285499,86,21717,BAY_0019_m2_e0.0_9dc49b6bd6e94f57.json
BAY,0019,2,NAMOA_dr_goal_epsilon,0.2,epsilon_cover,True,5,exact,49,2,0.023434773581655133,0.75738681,0.47685716,0.006958299,1.243189216,69,0,BAY_0019_m2_e0.2_632fd2527cad9449.json
BAY,0019,3,NAMOA_dr_goal_epsilon,0.2,epsilon_cover,True,9,unavailable_single_config,9,1,,0.773459499,0.691343822,0.008010418,1.475250663,68,0,BAY_0019_m3_e0.2_8031bae1581a23b3.json
BAY,0019,5,NAMOA_dr_goal_epsilon,0.2,epsilon_cover,True,10,unavailable_single_config,10,1,,0.639496705,0.664585193,0.006104036,1.312010646,69,0,BAY_0019_m5_e0.2_9b4214c7bdaf0c34.json
BAY,0020,2,NAMOA_dr_goal_epsilon,0.0,exact,True,62,exact,62,2,0.0,0.734016934,0.660586375,0.072740386,1.468540759,86,130530,BAY_0020_m2_e0.0_39996e297c87e685.json
BAY,0020,2,NAMOA_dr_goal_epsilon,0.2,epsilon_cover,True,3,exact,62,2,0.08424249212175505,0.779810765,0.86713164,0.007793184,1.657121781,69,0,BAY_0020_m2_e0.2_5947484abf34ae82.json
BAY,0020,3,NAMOA_dr_goal_epsilon,0.2,epsilon_cover,True,9,unavailable_single_config,9,1,,0.757890992,0.737664353,1.8134554,3.318840798,192,1204388,BAY_0020_m3_e0.2_9a8eaf2b3612d0f5.json
BAY,0020,5,NAMOA_dr_goal_epsilon,0.2,epsilon_cover,True,11,unavailable_single_config,11,1,,0.756078611,0.880998686,18.57764424,20.23847886,316,3153776,BAY_0020_m5_e0.2_c7947b6a3ce9df9c.json
BAY,0021,2,NAMOA_dr_goal_epsilon,0.0,exact,True,11,exact,11,2,0.0,0.76214516,0.465436683,0.007269172,1.236795162,86,1084,BAY_0021_m2_e0.0_1067744ea5d2dcb1.json
BAY,0021,2,NAMOA_dr_goal_epsilon,0.2,epsilon_cover,True,3,exact,11,2,0.0013686899187201895,0.660627212,0.470133113,0.006782136,1.140035358,68,0,BAY_0021_m2_e0.2_f81d5606017bcccb.json
BAY,0021,3,NAMOA_dr_goal_epsilon,0.2,epsilon_cover,True,10,unavailable_single_config,10,1,,0.64496876,0.616841371,0.403466363,1.672242875,108,449277,BAY_0021_m3_e0.2_0828ad057383b2cb.json
BAY,0021,5,NAMOA_dr_goal_epsilon,0.2,epsilon_cover,True,11,unavailable_single_config,11,1,,0.787672676,0.890186133,2.544276003,4.232629895,192,976756,BAY_0021_m5_e0.2_8419f6ed31c5eda7.json
BAY,0022,2,NAMOA_dr_goal_epsilon,0.0,exact,True,407,exact,407,2,0.0,0.723585766,0.828703907,1.906922693,3.466018726,192,1597749,BAY_0022_m2_e0.0_c98aab9a6b8385f1.json
BAY,0022,2,NAMOA_dr_goal_epsilon,0.2,epsilon_cover,True,4,exact,407,2,0.059931444562731695,0.793656678,1.071874518,0.00773986,1.875603236,68,0,BAY_0022_m2_e0.2_70e3de52f9a2c2ed.json
BAY,0022,3,NAMOA_dr_goal_epsilon,0.2,epsilon_cover,True,9,unavailable_single_config,9,1,,0.6765426,0.989466724,0.527966139,2.205286836,136,619567,BAY_0022_m3_e0.2_e336c6edadc2fc94.json
BAY,0022,5,NAMOA_dr_goal_epsilon,0.2,time_limit,False,11,unavailable_single_config,11,1,,0.762475535,1.091136663,30.00441867,31.88540884,533,3679421,BAY_0022_m5_e0.2_af856954f22eced2.json
BAY,0023,2,NAMOA_dr_goal_epsilon,0.0,exact,True,26,exact,26,2,0.0,0.722705474,0.719594852,0.020441712,1.464142271,97,41435,BAY_0023_m2_e0.0_bc116bb3a421b7bd.json
BAY,0023,2,NAMOA_dr_goal_epsilon,0.2,epsilon_cover,True,6,exact,26,2,0.020549399993980533,0.780728021,0.980220485,0.008462636,1.771621596,68,0,BAY_0023_m2_e0.2_5a97995df0b39fa9.json
BAY,0023,3,NAMOA_dr_goal_epsilon,0.2,epsilon_cover,True,11,unavailable_single_config,11,1,,0.790743757,0.987528396,2.434378343,4.224431733,192,1082117,BAY_0023_m3_e0.2_b23561ac38841a3b.json
BAY,0023,5,NAMOA_dr_goal_epsilon,0.2,time_limit,False,12,unavailable_single_config,12,1,,0.79122303,1.227285845,30.00001151,32.05402186,343,3495095,BAY_0023_m5_e0.2_e7765c90ab6defed.json
BAY,0024,2,NAMOA_dr_goal_epsilon,0.0,exact,True,98,exact,98,2,0.0,0.753632176,0.662953112,0.058571595,1.47754643,100,80323,BAY_0024_m2_e0.0_e662b46ee9d8d3c6.json
BAY,0024,2,NAMOA_dr_goal_epsilon,0.2,epsilon_cover,True,5,exact,98,2,0.02215072884996583,0.787975088,0.728672656,0.007607667,1.526557465,68,0,BAY_0024_m2_e0.2_55299fbce450f0f5.json
BAY,0024,3,NAMOA_dr_goal_epsilon,0.2,epsilon_cover,True,10,unavailable_single_config,10,1,,0.664338423,0.997863553,0.051674926,1.716818373,68,84890,BAY_0024_m3_e0.2_04c9a9e543df514b.json
BAY,0024,5,NAMOA_dr_goal_epsilon,0.2,time_limit,False,11,unavailable_single_config,11,1,,0.769108289,1.038235017,30.00717548,31.84154106,533,4258903,BAY_0024_m5_e0.2_64ed6bef227fe6ba.json
BAY,0025,2,NAMOA_dr_goal_epsilon,0.0,exact,True,296,exact,296,2,0.0,0.75917026,1.226260116,0.162857223,2.149974643,110,171681,BAY_0025_m2_e0.0_dc099f551b27a61f.json
BAY,0025,2,NAMOA_dr_goal_epsilon,0.2,epsilon_cover,True,5,exact,296,2,0.03956668178136913,0.789188479,1.32427714,0.007291902,2.122662798,68,0,BAY_0025_m2_e0.2_8dd4f33e8280b8cb.json
BAY,0025,3,NAMOA_dr_goal_epsilon,0.2,epsilon_cover,True,10,unavailable_single_config,10,1,,0.658115074,1.23106267,0.27018407,2.164581862,98,289689,BAY_0025_m3_e0.2_417dfce9932d8d14.json
BAY,0025,5,NAMOA_dr_goal_epsilon,0.2,epsilon_cover,True,12,unavailable_single_config,12,1,,0.785832448,1.391102157,1.128277835,3.32593225,136,624003,BAY_0025_m5_e0.2_c109bfbfc6defcbf.json
BAY,0026,2,NAMOA_dr_goal_epsilon,0.0,exact,True,54,exact,54,2,0.0,0.755574349,0.386611536,0.011879379,1.155976182,110,11339,BAY_0026_m2_e0.0_b877127e568b80f6.json
BAY,0026,2,NAMOA_dr_goal_epsilon,0.2,epsilon_cover,True,3,exact,54,2,0.03385457388584823,0.649061401,0.326789473,0.006103536,0.983781028,68,0,BAY_0026_m2_e0.2_1f0ec2b7acbba743.json
BAY,0026,3,NAMOA_dr_goal_epsilon,0.2,epsilon_cover,True,10,unavailable_single_config,10,1,,0.640776643,0.446749224,0.096323295,1.186743749,75,136720,BAY_0026_m3_e0.2_f83f596ba16a3723.json
BAY,0026,5,NAMOA_dr_goal_epsilon,0.2,epsilon_cover,True,14,unavailable_single_config,14,1,,0.783379663,0.860858053,1.90236159,3.555222775,136,794276,BAY_0026_m5_e0.2_7bb0c528d5c5ed60.json
BAY,0027,2,NAMOA_dr_goal_epsilon,0.0,exact,True,12,exact,12,2,0.0,0.729426266,0.246521184,0.005562521,0.982508861,142,1421,BAY_0027_m2_e0.0_bc40e7de69ffc421.json
BAY,0027,2,NAMOA_dr_goal_epsilon,0.2,epsilon_cover,True,4,exact,12,2,0.0032998753936994696,0.678420523,0.320529057,0.007424376,1.008764946,68,0,BAY_0027_m2_e0.2_2e7325a7af6d9446.json
BAY,0027,3,NAMOA_dr_goal_epsilon,0.2,epsilon_cover,True,5,unavailable_single_config,5,1,,0.671091698,0.459463561,0.017424611,1.150627109,69,28136,BAY_0027_m3_e0.2_6abe511bcc96c97f.json
BAY,0027,5,NAMOA_dr_goal_epsilon,0.2,epsilon_cover,True,9,unavailable_single_config,9,1,,0.619377952,0.554357803,0.096186006,1.271697094,69,111419,BAY_0027_m5_e0.2_a2628f6a4ca01068.json
BAY,0028,2,NAMOA_dr_goal_epsilon,0.0,exact,True,10,exact,10,2,0.0,0.605715397,0.214289633,0.005098164,0.826075939,142,1209,BAY_0028_m2_e0.0_ef5dfbc24266dbb4.json
BAY,0028,2,NAMOA_dr_goal_epsilon,0.2,epsilon_cover,True,3,exact,10,2,0.041272722688651786,0.63777656,0.239158677,0.007073316,0.885874399,68,0,BAY_0028_m2_e0.2_973e617b5f344ad1.json
BAY,0028,3,NAMOA_dr_goal_epsilon,0.2,epsilon_cover,True,7,unavailable_single_config,7,1,,0.791133554,0.476043403,0.0076065,1.277348992,68,0,BAY_0028_m3_e0.2_ba372e9321fb6d25.json
BAY,0028,5,NAMOA_dr_goal_epsilon,0.2,epsilon_cover,True,10,unavailable_single_config,10,1,,0.663844215,0.677441814,0.006764483,1.350116988,68,133,BAY_0028_m5_e0.2_d76dc23a470400f5.json
BAY,0029,2,NAMOA_dr_goal_epsilon,0.0,exact,True,14,exact,14,2,0.0,0.726985666,0.299902305,0.005575393,1.033363751,148,1678,BAY_0029_m2_e0.0_abfcdfc1a13bb8bf.json
BAY,0029,2,NAMOA_dr_goal_epsilon,0.2,epsilon_cover,True,5,exact,14,2,0.019588116341539452,0.770092396,0.366115742,0.006491244,1.14451275,68,0,BAY_0029_m2_e0.2_e42670bd20a58a62.json
BAY,0029,3,NAMOA_dr_goal_epsilon,0.2,epsilon_cover,True,10,unavailable_single_config,10,1,,0.626702901,0.414069504,0.005847823,1.048226608,69,26,BAY_0029_m3_e0.2_d9bb0babfa9695cc.json
BAY,0029,5,NAMOA_dr_goal_epsilon,0.2,epsilon_cover,True,9,unavailable_single_config,9,1,,0.640439641,0.561518853,0.006317331,1.209942989,68,175,BAY_0029_m5_e0.2_ac79f60fa8b7a778.json
BAY,0030,2,NAMOA_dr_goal_epsilon,0.05,epsilon_cover,True,4,exact,167,5,0.039895590083099286,0.750436618,1.155370954,0.012530971,1.920086191,69,18299,BAY_0030_m2_e0.05_626a812e8e43dd00.json
BAY,0030,2,NAMOA_dr_goal_epsilon,0.0,exact,True,167,exact,167,5,0.0,0.726562391,1.006657415,0.088094044,1.822684343,76,144673,BAY_0030_m2_e0.0_b18b8aea76326e92.json
BAY,0030,2,NAMOA_dr_goal_epsilon,0.1,epsilon_cover,True,4,exact,167,5,0.039895590083099286,0.61925377,0.863392675,0.006664011,1.490917794,68,2124,BAY_0030_m2_e0.1_d4ed2bbff85ef053.json
BAY,0030,2,NAMOA_dr_goal_epsilon,0.2,epsilon_cover,True,4,exact,167,5,0.039895590083099286,0.664941856,1.152712592,0.008302044,1.828721675,68,0,BAY_0030_m2_e0.2_b4f4caa00ff60e77.json
BAY,0030,2,weighted_seeds,0.0,seed_only,False,4,exact,167,5,0.039895590083099286,0.741091614,1.001222155,0,1.742316059,68,0,BAY_0030_m2_seed_cf5f3dfa38378931.json
BAY,0030,3,NAMOA_dr_goal_epsilon,0.05,epsilon_cover,True,24,pooled_empirical,26,4,0.011682863264321774,0.766576492,0.913999661,2.3304413,4.026717994,192,1664056,BAY_0030_m3_e0.05_fd8afbeb5a4e0328.json
BAY,0030,3,NAMOA_dr_goal_epsilon,0.1,epsilon_cover,True,15,pooled_empirical,26,4,0.07535175882221345,0.76736972,0.909147903,1.266579671,2.952695296,136,861314,BAY_0030_m3_e0.1_c7eb7a06940843a8.json
BAY,0030,3,NAMOA_dr_goal_epsilon,0.2,epsilon_cover,True,10,pooled_empirical,26,4,0.163498154353233,0.644123171,0.788169555,0.099970986,1.535360621,74,135477,BAY_0030_m3_e0.2_bb50f168dfbd424f.json
BAY,0030,3,weighted_seeds,0.0,seed_only,False,10,pooled_empirical,26,4,0.163498154353233,0.6000138,0.691970585,0,1.29198711,68,0,BAY_0030_m3_seed_c2cb8109a85fbd5b.json
BAY,0030,5,NAMOA_dr_goal_epsilon,0.05,time_limit,False,30,pooled_empirical,34,4,0.09302325581395343,0.697437677,0.764124112,30.00177222,31.48905053,549,5547955,BAY_0030_m5_e0.05_42a0e545c64cdfd2.json
BAY,0030,5,NAMOA_dr_goal_epsilon,0.1,epsilon_cover,True,17,pooled_empirical,34,4,0.08189355742932314,0.62466995,0.751097268,12.26148422,13.6533515,309,2701832,BAY_0030_m5_e0.1_79d49c3a1ee8775a.json
BAY,0030,5,NAMOA_dr_goal_epsilon,0.2,epsilon_cover,True,12,pooled_empirical,34,4,0.1146100054078023,0.625255792,0.85645487,0.215021568,1.69881324,76,167519,BAY_0030_m5_e0.2_f227ea091a30f925.json
BAY,0030,5,weighted_seeds,0.0,seed_only,False,12,pooled_empirical,34,4,0.1146100054078023,0.75554513,0.979735391,0,1.735282825,68,0,BAY_0030_m5_seed_c853d45e117906e1.json
COL,0001,2,NAMOA_dr_goal_epsilon,0.05,epsilon_cover,True,5,exact,96,5,0.018854066408150683,0.964163017,1.076575437,0.008618021,2.05160917,89,0,COL_0001_m2_e0.05_1840edb6c1348a9e.json
COL,0001,2,NAMOA_dr_goal_epsilon,0.0,exact,True,96,exact,96,5,0.0,0.977614568,1.208328412,0.026001996,2.214733005,89,44962,COL_0001_m2_e0.0_758189c689894541.json
COL,0001,2,NAMOA_dr_goal_epsilon,0.1,epsilon_cover,True,5,exact,96,5,0.018854066408150683,0.981398989,1.151764804,0.008116157,2.14381192,89,0,COL_0001_m2_e0.1_c0756ab111f86fe1.json
COL,0001,2,NAMOA_dr_goal_epsilon,0.2,epsilon_cover,True,5,exact,96,5,0.018854066408150683,1.014934126,1.338235046,0.010403835,2.366986557,89,0,COL_0001_m2_e0.2_95fab7cb3289eabc.json
COL,0001,2,weighted_seeds,0.0,seed_only,False,5,exact,96,5,0.018854066408150683,0.812349276,1.049811602,0,1.862163564,89,0,COL_0001_m2_seed_1feab19dfa2cec51.json
COL,0001,3,NAMOA_dr_goal_epsilon,0.05,time_limit,False,10,pooled_empirical,11,4,0.20193130114940439,0.824447491,1.187799863,30.00300593,32.0498458,547,5872593,COL_0001_m3_e0.05_a0e8f3f31c152af7.json
COL,0001,3,NAMOA_dr_goal_epsilon,0.1,time_limit,False,10,pooled_empirical,11,4,0.20193130114940439,0.973355303,1.216847317,30.00133185,32.23604428,995,9811272,COL_0001_m3_e0.1_1019577dc01b76d6.json
COL,0001,3,NAMOA_dr_goal_epsilon,0.2,epsilon_cover,True,11,pooled_empirical,11,4,0.0,0.828796252,1.180334194,0.488139511,2.50602149,155,562760,COL_0001_m3_e0.2_3f38f6724186f39a.json
COL,0001,3,weighted_seeds,0.0,seed_only,False,10,pooled_empirical,11,4,0.20193130114940439,0.807881729,1.143649306,0,1.951534239,89,0,COL_0001_m3_seed_d0bfffa20ec82755.json
COL,0001,5,NAMOA_dr_goal_epsilon,0.05,time_limit,False,13,pooled_empirical,13,4,0.0,0.81584806,1.302552279,30.0062797,32.16269595,555,4829605,COL_0001_m5_e0.05_2cfe39bd14bb6d94.json
COL,0001,5,NAMOA_dr_goal_epsilon,0.1,time_limit,False,12,pooled_empirical,13,4,0.02903555637710653,0.990167416,1.40894549,30.00686316,32.43484712,551,4337410,COL_0001_m5_e0.1_f3c1e5feb5197805.json
COL,0001,5,NAMOA_dr_goal_epsilon,0.2,time_limit,False,11,pooled_empirical,13,4,0.10785463071512313,1.023502802,1.63801631,30.00624342,32.7123283,547,4531025,COL_0001_m5_e0.2_443e3bb60ff0ec47.json
COL,0001,5,weighted_seeds,0.0,seed_only,False,11,pooled_empirical,13,4,0.10785463071512313,0.784983337,1.137162451,0,1.922148152,89,0,COL_0001_m5_seed_615970947281b560.json
COL,0002,2,NAMOA_dr_goal_epsilon,0.0,exact,True,225,exact,225,2,0.0,0.946869886,1.432674146,0.790041429,3.17390414,176,815362,COL_0002_m2_e0.0_aba8c4ef3b1207d6.json
COL,0002,2,NAMOA_dr_goal_epsilon,0.2,epsilon_cover,True,7,exact,225,2,0.009702043059137022,1.020484268,1.776431047,0.010105864,2.810226813,89,0,COL_0002_m2_e0.2_b5c110b9c301ff53.json
COL,0002,3,NAMOA_dr_goal_epsilon,0.2,time_limit,False,11,unavailable_single_config,11,1,,1.023979821,1.783276462,30.00089446,32.86537275,547,6926163,COL_0002_m3_e0.2_889a29d0f40f8426.json
COL,0002,5,NAMOA_dr_goal_epsilon,0.2,time_limit,False,12,unavailable_single_config,12,1,,0.857179043,1.765796903,30.00741815,32.68057713,562,4069221,COL_0002_m5_e0.2_45d357ef70ce64be.json
COL,0003,2,NAMOA_dr_goal_epsilon,0.0,exact,True,382,exact,382,2,0.0,0.947555491,1.12503204,0.362972277,2.439310736,181,418570,COL_0003_m2_e0.0_f9fe4b9ca5d97bea.json
COL,0003,2,NAMOA_dr_goal_epsilon,0.2,epsilon_cover,True,4,exact,382,2,0.03703485246176852,0.852988495,1.453216166,0.010130336,2.319869485,89,0,COL_0003_m2_e0.2_e92bcb82a72ce199.json
COL,0003,3,NAMOA_dr_goal_epsilon,0.2,epsilon_cover,True,9,unavailable_single_config,9,1,,1.041427946,1.484073625,0.00829354,2.535870399,89,0,COL_0003_m3_e0.2_2993e1f5824c8f4a.json
COL,0003,5,NAMOA_dr_goal_epsilon,0.2,epsilon_cover,True,9,unavailable_single_config,9,1,,0.846702029,1.499797843,9.180699934,11.54398501,324,2622867,COL_0003_m5_e0.2_cd0884c8a00bd2a4.json
COL,0004,2,NAMOA_dr_goal_epsilon,0.0,exact,True,211,exact,211,2,0.0,0.972969202,0.905177342,0.040185005,1.921354942,181,40330,COL_0004_m2_e0.0_608ef49cbb2bb0c8.json
COL,0004,2,NAMOA_dr_goal_epsilon,0.2,epsilon_cover,True,5,exact,211,2,0.04161340084369347,0.980903771,0.797554589,0.008276517,1.788919664,89,0,COL_0004_m2_e0.2_a04c8d64b75b4e9d.json
COL,0004,3,NAMOA_dr_goal_epsilon,0.2,epsilon_cover,True,8,unavailable_single_config,8,1,,0.82155617,0.850859368,0.007523441,1.682120698,89,0,COL_0004_m3_e0.2_75336d209d62be1b.json
COL,0004,5,NAMOA_dr_goal_epsilon,0.2,epsilon_cover,True,11,unavailable_single_config,11,1,,0.814927651,0.954026115,0.009798104,1.781447645,89,5315,COL_0004_m5_e0.2_82b7aaad9b2ac3fc.json
COL,0005,2,NAMOA_dr_goal_epsilon,0.0,exact,True,639,exact,639,2,0.0,0.954659192,0.575542096,0.305844869,1.838033746,181,210039,COL_0005_m2_e0.0_15168e1a2f7b1285.json
COL,0005,2,NAMOA_dr_goal_epsilon,0.2,epsilon_cover,True,7,exact,639,2,0.03310761458944245,0.97308059,0.624435405,0.00873357,1.608777257,89,0,COL_0005_m2_e0.2_4c7dbde3ea4b41f0.json
COL,0005,3,NAMOA_dr_goal_epsilon,0.2,epsilon_cover,True,11,unavailable_single_config,11,1,,1.010825482,1.159950637,0.011137441,2.18550858,89,0,COL_0005_m3_e0.2_86c3b4e3dc777453.json
COL,0005,5,NAMOA_dr_goal_epsilon,0.2,epsilon_cover,True,10,unavailable_single_config,10,1,,0.791125306,0.94196802,5.25269484,6.997795138,211,1854730,COL_0005_m5_e0.2_1570b0861c81ad56.json
COL,0006,2,NAMOA_dr_goal_epsilon,0.0,exact,True,22,exact,22,2,0.0,0.974378917,0.807762923,0.011356984,1.796126348,222,8215,COL_0006_m2_e0.0_fa0e50cc22a4f56a.json
COL,0006,2,NAMOA_dr_goal_epsilon,0.2,epsilon_cover,True,4,exact,22,2,0.00040775572535922677,0.852329963,0.781403433,0.009069275,1.645936302,89,0,COL_0006_m2_e0.2_8373bd815ca151ce.json
COL,0006,3,NAMOA_dr_goal_epsilon,0.2,epsilon_cover,True,10,unavailable_single_config,10,1,,0.970549064,0.775941136,0.010106088,1.75988317,89,0,COL_0006_m3_e0.2_107c68e786d331a5.json
COL,0006,5,NAMOA_dr_goal_epsilon,0.2,epsilon_cover,True,8,unavailable_single_config,8,1,,0.96501253,0.983146563,0.008376211,1.958448728,89,0,COL_0006_m5_e0.2_a8f907d642a5ccda.json
COL,0007,2,NAMOA_dr_goal_epsilon,0.0,exact,True,615,exact,615,2,0.0,0.823131625,1.295540101,0.387630958,2.510609027,222,365508,COL_0007_m2_e0.0_75d1796d8b0035d5.json
COL,0007,2,NAMOA_dr_goal_epsilon,0.2,epsilon_cover,True,6,exact,615,2,0.019059742964526727,0.79405851,1.127342575,0.008240953,1.931758918,89,0,COL_0007_m2_e0.2_28eb7980ec8e7cd3.json
COL,0007,3,NAMOA_dr_goal_epsilon,0.2,epsilon_cover,True,10,unavailable_single_config,10,1,,0.81101525,1.066527065,0.007491843,1.886680014,89,0,COL_0007_m3_e0.2_9e1183b905962c4c.json
COL,0007,5,NAMOA_dr_goal_epsilon,0.2,time_limit,False,12,unavailable_single_config,12,1,,0.835397545,1.455156248,30.01402384,32.3305594,323,2980667,COL_0007_m5_e0.2_d4463d7bb0a35602.json
COL,0008,2,NAMOA_dr_goal_epsilon,0.0,exact,True,553,exact,553,2,0.0,0.960670735,0.563524689,0.373422882,1.90051278,262,287816,COL_0008_m2_e0.0_b761a19532f0e119.json
COL,0008,2,NAMOA_dr_goal_epsilon,0.2,epsilon_cover,True,6,exact,553,2,0.019453534366623115,1.014359366,0.737663396,0.010466486,1.764971247,89,0,COL_0008_m2_e0.2_ae26b76390a53e19.json
COL,0008,3,NAMOA_dr_goal_epsilon,0.2,epsilon_cover,True,9,unavailable_single_config,9,1,,1.006086567,1.031443072,0.01056903,2.051507622,89,0,COL_0008_m3_e0.2_9c2995b2b0c4fe63.json
COL,0008,5,NAMOA_dr_goal_epsilon,0.2,time_limit,False,11,unavailable_single_config,11,1,,0.948930418,0.88378825,30.00617787,31.8560905,323,3524322,COL_0008_m5_e0.2_18681ca3b2bdc324.json
COL,0009,2,NAMOA_dr_goal_epsilon,0.0,exact,True,3,exact,3,2,0.0,0.962606968,0.302662931,0.008171188,1.275334653,262,55,COL_0009_m2_e0.0_63be3e9bf4fb896f.json
COL,0009,2,NAMOA_dr_goal_epsilon,0.2,epsilon_cover,True,2,exact,3,2,0.0007389542342950417,0.969831929,0.326470253,0.010737476,1.310194602,89,0,COL_0009_m2_e0.2_77c58d2db801f40e.json
COL,0009,3,NAMOA_dr_goal_epsilon,0.2,epsilon_cover,True,4,unavailable_single_config,4,1,,0.791214484,0.423948094,0.007502862,1.225000063,89,0,COL_0009_m3_e0.2_70dd98d2663ec652.json
COL,0009,5,NAMOA_dr_goal_epsilon,0.2,epsilon_cover,True,6,unavailable_single_config,6,1,,0.816877537,0.645620096,0.004407522,1.468509543,89,0,COL_0009_m5_e0.2_63d9b94bf1398822.json
COL,0010,2,NAMOA_dr_goal_epsilon,0.0,exact,True,141,exact,141,2,0.0,0.784749196,0.56228129,0.109565157,1.458629464,262,195690,COL_0010_m2_e0.0_f8b6a11cf1ccb79d.json
COL,0010,2,NAMOA_dr_goal_epsilon,0.2,epsilon_cover,True,6,exact,141,2,0.010465982669671137,0.843749116,0.732014146,0.009052681,1.588143515,89,0,COL_0010_m2_e0.2_be5b955bbb1d3758.json
COL,0010,3,NAMOA_dr_goal_epsilon,0.2,epsilon_cover,True,10,unavailable_single_config,10,1,,0.935113771,0.841511008,0.007633237,1.786593194,89,890,COL_0010_m3_e0.2_9ad8efd5c60a7e36.json
COL,0010,5,NAMOA_dr_goal_epsilon,0.2,time_limit,False,10,unavailable_single_config,10,1,,0.969445645,1.104846171,30.00320662,32.10655744,547,5464097,COL_0010_m5_e0.2_5e15eb6c3f0e1c2d.json
COL,0011,2,NAMOA_dr_goal_epsilon,0.0,exact,True,79,exact,79,2,0.0,0.985932485,1.214816351,0.023367208,2.227695713,262,30466,COL_0011_m2_e0.0_6f61213de6911148.json
COL,0011,2,NAMOA_dr_goal_epsilon,0.2,epsilon_cover,True,6,exact,79,2,0.008290958717542152,1.002758732,1.260646403,0.009639123,2.276645585,89,0,COL_0011_m2_e0.2_7313536371c2636f.json
COL,0011,3,NAMOA_dr_goal_epsilon,0.2,epsilon_cover,True,8,unavailable_single_config,8,1,,0.975562782,1.139363396,0.008551664,2.125660148,89,0,COL_0011_m3_e0.2_b3f4e7d60d6c13ac.json
COL,0011,5,NAMOA_dr_goal_epsilon,0.2,time_limit,False,10,unavailable_single_config,10,1,,1.006421898,1.607421055,30.01383846,32.6573674,323,2905168,COL_0011_m5_e0.2_7e1f82f9ac92946f.json
COL,0012,2,NAMOA_dr_goal_epsilon,0.0,exact,True,1886,exact,1886,2,0.0,0.774610607,0.970829825,13.39262095,15.15359967,547,4657040,COL_0012_m2_e0.0_0cef95ef8eb427d2.json
COL,0012,2,NAMOA_dr_goal_epsilon,0.2,epsilon_cover,True,8,exact,1886,2,0.031725289164808324,0.812371876,1.039656371,0.008562361,1.862717443,89,0,COL_0012_m2_e0.2_894cce04f900852b.json
COL,0012,3,NAMOA_dr_goal_epsilon,0.2,epsilon_cover,True,11,unavailable_single_config,11,1,,1.015525249,1.554832787,0.03054473,2.605262712,89,56085,COL_0012_m3_e0.2_5662ee7ad255c5fa.json
COL,0012,5,NAMOA_dr_goal_epsilon,0.2,time_limit,False,12,unavailable_single_config,12,1,,0.979058675,1.396450368,30.00297273,32.4037206,549,4162156,COL_0012_m5_e0.2_e75fc2daf12ddd54.json
COL,0013,2,NAMOA_dr_goal_epsilon,0.0,exact,True,237,exact,237,2,0.0,0.982907591,0.900051685,0.083156874,1.970244307,262,95442,COL_0013_m2_e0.0_5697e7c3ac57a43a.json
COL,0013,2,NAMOA_dr_goal_epsilon,0.2,epsilon_cover,True,5,exact,237,2,0.002998522270397652,0.823438138,0.717675072,0.007736168,1.551002273,89,0,COL_0013_m2_e0.2_a3b5f53fb0be8944.json
COL,0013,3,NAMOA_dr_goal_epsilon,0.2,epsilon_cover,True,10,unavailable_single_config,10,1,,0.802777457,0.900523427,0.367318475,2.075957823,123,403713,COL_0013_m3_e0.2_a8ac681e7870baa6.json
COL,0013,5,NAMOA_dr_goal_epsilon,0.2,time_limit,False,11,unavailable_single_config,11,1,,1.00182283,1.41814254,30.00479588,32.4459951,323,2965634,COL_0013_m5_e0.2_b8422046e53cb8c5.json
COL,0014,2,NAMOA_dr_goal_epsilon,0.0,exact,True,62,exact,62,2,0.0,0.95403811,0.607200558,0.017134687,1.579932737,262,23934,COL_0014_m2_e0.0_b3e128c3f9fa73f3.json
COL,0014,2,NAMOA_dr_goal_epsilon,0.2,epsilon_cover,True,5,exact,62,2,0.010563550178619208,0.970582738,0.629641902,0.009271525,1.61205105,89,0,COL_0014_m2_e0.2_0893addaabdb446a.json
COL,0014,3,NAMOA_dr_goal_epsilon,0.2,epsilon_cover,True,10,unavailable_single_config,10,1,,0.974554771,0.77317957,0.008569957,1.758421614,89,0,COL_0014_m3_e0.2_6dd51757dfb35ec6.json
COL,0014,5,NAMOA_dr_goal_epsilon,0.2,epsilon_cover,True,9,unavailable_single_config,9,1,,0.799650789,0.82910701,6.34862313,7.993675538,323,2924621,COL_0014_m5_e0.2_e1447f985a5a4b81.json
COL,0015,2,NAMOA_dr_goal_epsilon,0.05,epsilon_cover,True,8,exact,531,5,0.016601634568560675,0.97033956,1.486552055,0.067629759,2.526734177,95,149173,COL_0015_m2_e0.05_02357014f728a72d.json
COL,0015,2,NAMOA_dr_goal_epsilon,0.0,exact,True,531,exact,531,5,0.0,0.792045803,1.335451335,1.131174097,3.266725324,211,1239054,COL_0015_m2_e0.0_d9dd623e70b3bae1.json
COL,0015,2,NAMOA_dr_goal_epsilon,0.1,epsilon_cover,True,7,exact,531,5,0.0672082165692951,0.888578105,1.375322847,0.008556618,2.274660228,89,1000,COL_0015_m2_e0.1_2309c680625d0151.json
COL,0015,2,NAMOA_dr_goal_epsilon,0.2,epsilon_cover,True,7,exact,531,5,0.0672082165692951,0.797984683,1.334691523,0.009104008,2.14421384,89,0,COL_0015_m2_e0.2_09637e657113dae9.json
COL,0015,2,weighted_seeds,0.0,seed_only,False,7,exact,531,5,0.0672082165692951,0.810176885,1.313621177,0,2.123800864,89,0,COL_0015_m2_seed_1b46834cee344976.json
COL,0015,3,NAMOA_dr_goal_epsilon,0.05,time_limit,False,10,pooled_empirical,10,4,0.0,0.969021982,1.246684748,30.00169349,32.2544468,995,7236431,COL_0015_m3_e0.05_423e8024901f6ace.json
COL,0015,3,NAMOA_dr_goal_epsilon,0.1,time_limit,False,10,pooled_empirical,10,4,0.0,0.969661763,1.247726239,30.00330243,32.25806486,996,7910579,COL_0015_m3_e0.1_77f3c85682e66029.json
COL,0015,3,NAMOA_dr_goal_epsilon,0.2,time_limit,False,10,pooled_empirical,10,4,0.0,0.967446884,1.323439765,30.00033288,32.33364274,995,8006772,COL_0015_m3_e0.2_93917bfff67e6f95.json
COL,0015,3,weighted_seeds,0.0,seed_only,False,10,pooled_empirical,10,4,0.0,0.985175321,1.467752213,0,2.452929634,89,0,COL_0015_m3_seed_d05ac8392dde59f2.json
COL,0015,5,NAMOA_dr_goal_epsilon,0.05,time_limit,False,12,pooled_empirical,12,4,0.0,0.958841455,1.31651488,30.00272052,32.31036221,552,5654757,COL_0015_m5_e0.05_27f2082e334e19aa.json
COL,0015,5,NAMOA_dr_goal_epsilon,0.1,time_limit,False,12,pooled_empirical,12,4,0.0,0.968738001,1.319481561,30.00540822,32.32233313,557,5900587,COL_0015_m5_e0.1_db9a5aa1ed3fca69.json
COL,0015,5,NAMOA_dr_goal_epsilon,0.2,time_limit,False,12,pooled_empirical,12,4,0.0,0.812401208,1.244200919,30.00788162,32.09036739,553,4547151,COL_0015_m5_e0.2_f47e5b18e921b886.json
COL,0015,5,weighted_seeds,0.0,seed_only,False,12,pooled_empirical,12,4,0.0,0.788644515,1.144814114,0,1.933460652,119,0,COL_0015_m5_seed_92f0ec2d8a2659e7.json
COL,0016,2,NAMOA_dr_goal_epsilon,0.0,exact,True,20,exact,20,2,0.0,0.948790086,0.574905986,0.010025194,1.535662866,320,6410,COL_0016_m2_e0.0_ad6211298b3df3f2.json
COL,0016,2,NAMOA_dr_goal_epsilon,0.2,epsilon_cover,True,4,exact,20,2,0.03300036380110383,0.789781974,0.561997171,0.008916945,1.362791366,89,0,COL_0016_m2_e0.2_7546f3bd2dab6446.json
COL,0016,3,NAMOA_dr_goal_epsilon,0.2,epsilon_cover,True,8,unavailable_single_config,8,1,,0.850678507,0.847858255,0.011986593,1.714042887,89,0,COL_0016_m3_e0.2_edd2cfafcbf75033.json
COL,0016,5,NAMOA_dr_goal_epsilon,0.2,epsilon_cover,True,10,unavailable_single_config,10,1,,1.013426169,1.177351287,0.009446954,2.203774273,89,451,COL_0016_m5_e0.2_a2eae6adc58cd371.json
COL,0017,2,NAMOA_dr_goal_epsilon,0.0,exact,True,390,exact,390,2,0.0,0.986730261,1.559889854,3.836920664,6.394249425,334,2397919,COL_0017_m2_e0.0_9306ae82efc488c4.json
COL,0017,2,NAMOA_dr_goal_epsilon,0.2,epsilon_cover,True,7,exact,390,2,0.011540594363279366,1.003963521,1.750176337,0.009751791,2.766906103,89,0,COL_0017_m2_e0.2_aba7c0f5b01df7a3.json
COL,0017,3,NAMOA_dr_goal_epsilon,0.2,time_limit,False,11,unavailable_single_config,11,1,,0.999017633,1.524688805,30.00240561,32.56855761,995,9027410,COL_0017_m3_e0.2_d98495da5d0c7497.json
COL,0017,5,NAMOA_dr_goal_epsilon,0.2,time_limit,False,12,unavailable_single_config,12,1,,0.900602671,1.406437912,30.00664526,32.33765713,558,4544427,COL_0017_m5_e0.2_c306a913000170a1.json
COL,0018,2,NAMOA_dr_goal_epsilon,0.0,exact,True,94,exact,94,2,0.0,0.985686248,1.206076428,0.267500827,2.464356387,334,413270,COL_0018_m2_e0.0_da8c95fe0bdf3fd9.json
COL,0018,2,NAMOA_dr_goal_epsilon,0.2,epsilon_cover,True,5,exact,94,2,0.027525285528879007,1.004804838,1.327058087,0.009585238,2.345074339,89,0,COL_0018_m2_e0.2_f0bdb081274d2120.json
COL,0018,3,NAMOA_dr_goal_epsilon,0.2,epsilon_cover,True,9,unavailable_single_config,9,1,,0.994650506,1.383076456,0.008201997,2.389140488,89,0,COL_0018_m3_e0.2_e47ad72a5fe49585.json
COL,0018,5,NAMOA_dr_goal_epsilon,0.2,time_limit,False,11,unavailable_single_config,11,1,,0.852901704,1.438783194,30.01350989,32.3249069,323,2380551,COL_0018_m5_e0.2_0c58bfc097a1dfdb.json
COL,0019,2,NAMOA_dr_goal_epsilon,0.0,exact,True,10,exact,10,2,0.0,0.984422944,1.398930586,0.010435159,2.396608217,387,4369,COL_0019_m2_e0.0_37115c29c58e9c84.json
COL,0019,2,NAMOA_dr_goal_epsilon,0.2,epsilon_cover,True,3,exact,10,2,0.0028977457752916713,0.818109959,1.167903764,0.008026488,1.99619711,89,0,COL_0019_m2_e0.2_23746a27683eb4c7.json
COL,0019,3,NAMOA_dr_goal_epsilon,0.2,epsilon_cover,True,7,unavailable_single_config,7,1,,1.00340842,1.420768385,0.009635106,2.437196875,89,0,COL_0019_m3_e0.2_4929d093a5d0e1a3.json
COL,0019,5,NAMOA_dr_goal_epsilon,0.2,epsilon_cover,True,10,unavailable_single_config,10,1,,0.816222803,1.122511005,0.008695928,1.950080129,89,0,COL_0019_m5_e0.2_970905becca68461.json
COL,0020,2,NAMOA_dr_goal_epsilon,0.0,exact,True,433,exact,433,2,0.0,0.93687718,1.371404234,8.602149866,10.93022408,547,5595646,COL_0020_m2_e0.0_24802d7ed3a4bf3c.json
COL,0020,2,NAMOA_dr_goal_epsilon,0.2,epsilon_cover,True,6,exact,433,2,0.04301618501367166,0.847432474,1.624517361,0.009322305,2.484784501,89,0,COL_0020_m2_e0.2_e0a05adde92f78ed.json
COL,0020,3,NAMOA_dr_goal_epsilon,0.2,epsilon_cover,True,11,unavailable_single_config,11,1,,0.817548142,1.339466206,11.80011898,13.99460187,547,7263432,COL_0020_m3_e0.2_5fcd06f781820bbb.json
COL,0020,5,NAMOA_dr_goal_epsilon,0.2,time_limit,False,12,unavailable_single_config,12,1,,1.014836305,1.87631621,30.00542555,32.92367587,550,3523858,COL_0020_m5_e0.2_3b121639a8967695.json
COL,0021,2,NAMOA_dr_goal_epsilon,0.0,exact,True,81,exact,81,2,0.0,0.985533673,0.83037715,0.123017569,1.941201013,387,157185,COL_0021_m2_e0.0_6d0843160dfcab77.json
COL,0021,2,NAMOA_dr_goal_epsilon,0.2,epsilon_cover,True,5,exact,81,2,0.014550385542782207,0.969635017,0.766144527,0.008651548,1.746464254,89,0,COL_0021_m2_e0.2_dacb3c3e9f2b1283.json
COL,0021,3,NAMOA_dr_goal_epsilon,0.2,epsilon_cover,True,9,unavailable_single_config,9,1,,0.970204563,0.866700648,0.009469585,1.848768994,89,0,COL_0021_m3_e0.2_a8494d147e11a1e3.json
COL,0021,5,NAMOA_dr_goal_epsilon,0.2,epsilon_cover,True,10,unavailable_single_config,10,1,,0.970070003,1.039893955,0.008117936,2.020176002,89,0,COL_0021_m5_e0.2_79b469634beffad0.json
COL,0022,2,NAMOA_dr_goal_epsilon,0.0,exact,True,870,exact,870,2,0.0,0.778267732,0.956840347,1.013882743,2.75339719,387,854430,COL_0022_m2_e0.0_70e17d5567fb0c02.json
COL,0022,2,NAMOA_dr_goal_epsilon,0.2,epsilon_cover,True,8,exact,870,2,0.035862009378239135,0.971012518,1.22630873,0.009019133,2.208665067,89,0,COL_0022_m2_e0.2_d061f81f65d987b9.json
COL,0022,3,NAMOA_dr_goal_epsilon,0.2,epsilon_cover,True,12,unavailable_single_config,12,1,,0.825557254,1.02709434,0.007468639,1.862236419,89,0,COL_0022_m3_e0.2_25a43fa82f322c78.json
COL,0022,5,NAMOA_dr_goal_epsilon,0.2,time_limit,False,12,unavailable_single_config,12,1,,0.790499057,1.174591971,30.00656166,31.99005151,563,3952988,COL_0022_m5_e0.2_d843a0020bf7d2bf.json
COL,0023,2,NAMOA_dr_goal_epsilon,0.0,exact,True,25,exact,25,2,0.0,0.964117687,1.287957452,0.013295146,2.267032802,548,18147,COL_0023_m2_e0.0_7e59fab05ee052c5.json
COL,0023,2,NAMOA_dr_goal_epsilon,0.2,epsilon_cover,True,4,exact,25,2,0.003086025199543041,0.969293498,1.377844295,0.007692092,2.356776835,89,0,COL_0023_m2_e0.2_724de666e7d1f483.json
COL,0023,3,NAMOA_dr_goal_epsilon,0.2,epsilon_cover,True,10,unavailable_single_config,10,1,,0.962199791,1.464863689,0.008014015,2.437503481,89,0,COL_0023_m3_e0.2_827e73a5f6c6cf22.json
COL,0023,5,NAMOA_dr_goal_epsilon,0.2,time_limit,False,10,unavailable_single_config,10,1,,1.01499684,1.952886087,30.00382584,32.9885563,323,3175993,COL_0023_m5_e0.2_5dfa3badd1ad8978.json
COL,0024,2,NAMOA_dr_goal_epsilon,0.0,exact,True,9,exact,9,2,0.0,0.959799622,0.648617279,0.007524249,1.617474823,555,1420,COL_0024_m2_e0.0_30784c4ec82bd6ba.json
COL,0024,2,NAMOA_dr_goal_epsilon,0.2,epsilon_cover,True,3,exact,9,2,0.0010288087429859427,0.805949666,0.599035524,0.007157679,1.414196232,89,0,COL_0024_m2_e0.2_76d11cc590175394.json
COL,0024,3,NAMOA_dr_goal_epsilon,0.2,epsilon_cover,True,8,unavailable_single_config,8,1,,0.800231499,0.755373132,0.43484078,1.995537556,155,534608,COL_0024_m3_e0.2_daadf869876e8351.json
COL,0024,5,NAMOA_dr_goal_epsilon,0.2,epsilon_cover,True,10,unavailable_single_config,10,1,,0.961720049,0.967379756,14.4549064,16.39849051,323,2798092,COL_0024_m5_e0.2_5ceb53d7d4a3a10a.json
COL,0025,2,NAMOA_dr_goal_epsilon,0.0,exact,True,258,exact,258,2,0.0,0.813376629,1.32032225,0.701042443,2.839770481,573,659192,COL_0025_m2_e0.0_4d439f6917407333.json
COL,0025,2,NAMOA_dr_goal_epsilon,0.2,epsilon_cover,True,6,exact,258,2,0.005698144590060572,0.803471887,1.195747943,0.007041067,2.009251319,90,0,COL_0025_m2_e0.2_ef8f4a997ccae559.json
COL,0025,3,NAMOA_dr_goal_epsilon,0.2,epsilon_cover,True,10,unavailable_single_config,10,1,,0.963562485,1.267927554,1.04509599,3.286056499,211,1244219,COL_0025_m3_e0.2_0ebdc50ab4db38bd.json
COL,0025,5,NAMOA_dr_goal_epsilon,0.2,time_limit,False,12,unavailable_single_config,12,1,,0.95677756,1.343622266,30.00804692,32.33291704,576,4915172,COL_0025_m5_e0.2_1d2f529bd9cc5153.json
COL,0026,2,NAMOA_dr_goal_epsilon,0.0,exact,True,176,exact,176,2,0.0,0.806908693,1.02672863,1.037971369,2.87625513,572,871343,COL_0026_m2_e0.0_9102506487d1680c.json
COL,0026,2,NAMOA_dr_goal_epsilon,0.2,epsilon_cover,True,6,exact,176,2,0.007378579101579907,1.023083002,1.50469495,0.011131075,2.542658996,91,0,COL_0026_m2_e0.2_c5fa6d0f70eec4d0.json
COL,0026,3,NAMOA_dr_goal_epsilon,0.2,epsilon_cover,True,10,unavailable_single_config,10,1,,0.783041423,1.203740908,0.064461718,2.053416341,91,101800,COL_0026_m3_e0.2_8fabcbbba9776b29.json
COL,0026,5,NAMOA_dr_goal_epsilon,0.2,time_limit,False,11,unavailable_single_config,11,1,,0.795857537,1.259379756,30.00322349,32.07889602,547,4204845,COL_0026_m5_e0.2_d0fabdb05f14516e.json
COL,0027,2,NAMOA_dr_goal_epsilon,0.0,exact,True,197,exact,197,2,0.0,0.805177467,0.867128485,0.164295618,1.839101108,576,268586,COL_0027_m2_e0.0_e21f38ec080e4825.json
COL,0027,2,NAMOA_dr_goal_epsilon,0.2,epsilon_cover,True,4,exact,197,2,0.008522553786051157,0.973001839,1.085342516,0.00834587,2.068732773,95,0,COL_0027_m2_e0.2_c39be3f1a3178c6b.json
COL,0027,3,NAMOA_dr_goal_epsilon,0.2,epsilon_cover,True,9,unavailable_single_config,9,1,,0.811291003,1.099556599,0.006995707,1.919695181,96,0,COL_0027_m3_e0.2_749f31cfd51aec12.json
COL,0027,5,NAMOA_dr_goal_epsilon,0.2,epsilon_cover,True,10,unavailable_single_config,10,1,,0.794342097,1.156458739,0.00782843,1.960861851,96,0,COL_0027_m5_e0.2_148fa7a0b1dd9cb9.json
COL,0028,2,NAMOA_dr_goal_epsilon,0.0,exact,True,2702,exact,2702,2,0.0,0.947136162,1.104285168,15.2582175,17.32489686,576,4426975,COL_0028_m2_e0.0_9ff293c3fd3be2c4.json
COL,0028,2,NAMOA_dr_goal_epsilon,0.2,epsilon_cover,True,6,exact,2702,2,0.048620548768275595,0.84510377,1.313536597,0.009511889,2.171437709,96,0,COL_0028_m2_e0.2_73546062101f0639.json
COL,0028,3,NAMOA_dr_goal_epsilon,0.2,epsilon_cover,True,10,unavailable_single_config,10,1,,1.015211251,1.383544713,0.009559335,2.411790776,98,0,COL_0028_m3_e0.2_307b7f3a22e97616.json
COL,0028,5,NAMOA_dr_goal_epsilon,0.2,time_limit,False,11,unavailable_single_config,11,1,,0.820001937,1.068843514,30.00228899,31.91741488,549,4806371,COL_0028_m5_e0.2_65a584e821f5a6dd.json
COL,0029,2,NAMOA_dr_goal_epsilon,0.0,exact,True,30,exact,30,2,0.0,0.961741362,0.667580666,0.014742351,1.646393146,576,16274,COL_0029_m2_e0.0_a549047d0991c8df.json
COL,0029,2,NAMOA_dr_goal_epsilon,0.2,epsilon_cover,True,4,exact,30,2,0.008738184086922729,0.82102707,0.537780619,0.007814219,1.369329032,98,0,COL_0029_m2_e0.2_bb55794cab5078fa.json
COL,0029,3,NAMOA_dr_goal_epsilon,0.2,epsilon_cover,True,9,unavailable_single_config,9,1,,0.813408498,0.601456731,0.00976892,1.426833573,98,5470,COL_0029_m3_e0.2_7c7fd81a455948b0.json
COL,0029,5,NAMOA_dr_goal_epsilon,0.2,epsilon_cover,True,11,unavailable_single_config,11,1,,0.968140252,0.909649634,0.08973951,1.969819386,99,81513,COL_0029_m5_e0.2_b55e9df943972698.json
COL,0030,2,NAMOA_dr_goal_epsilon,0.05,epsilon_cover,True,7,exact,844,5,0.022629475524947207,0.991803933,1.716570654,0.010791685,2.721752576,119,0,COL_0030_m2_e0.05_49907b243be81ce3.json
COL,0030,2,NAMOA_dr_goal_epsilon,0.0,exact,True,844,exact,844,5,0.0,0.806092196,1.365420642,1.817991623,3.996696361,211,1294144,COL_0030_m2_e0.0_410127fd9d2740a7.json
COL,0030,2,NAMOA_dr_goal_epsilon,0.1,epsilon_cover,True,7,exact,844,5,0.022629475524947207,0.993275721,1.684925834,0.008467216,2.688723745,119,0,COL_0030_m2_e0.1_ec98e2fdaa820ad9.json
COL,0030,2,NAMOA_dr_goal_epsilon,0.2,epsilon_cover,True,7,exact,844,5,0.022629475524947207,0.842411254,1.811829107,0.009208662,2.66680083,100,0,COL_0030_m2_e0.2_6a1cfc0246d05882.json
COL,0030,2,weighted_seeds,0.0,seed_only,False,7,exact,844,5,0.022629475524947207,0.970823625,1.555134152,0,2.525960366,119,0,COL_0030_m2_seed_db061eebdf9c86bb.json
COL,0030,3,NAMOA_dr_goal_epsilon,0.05,epsilon_cover,True,11,pooled_empirical,11,4,0.0,0.800334339,1.410823222,0.554926328,2.773212081,155,846466,COL_0030_m3_e0.05_5f305616098a7703.json
COL,0030,3,NAMOA_dr_goal_epsilon,0.1,epsilon_cover,True,10,pooled_empirical,11,4,0.051156950521317635,0.990426398,1.738115276,0.008393831,2.739532388,119,0,COL_0030_m3_e0.1_3fcd272f36f863ed.json
COL,0030,3,NAMOA_dr_goal_epsilon,0.2,epsilon_cover,True,10,pooled_empirical,11,4,0.051156950521317635,0.786700344,1.411093274,0.007536417,2.207418212,100,0,COL_0030_m3_e0.2_0ae2497ce006154d.json
COL,0030,3,weighted_seeds,0.0,seed_only,False,10,pooled_empirical,11,4,0.051156950521317635,0.801323913,1.40082436,0,2.202151383,119,0,COL_0030_m3_seed_eae173046d1c5d76.json
COL,0030,5,NAMOA_dr_goal_epsilon,0.05,time_limit,False,11,pooled_empirical,11,4,0.0,0.99550462,1.692645961,30.00273837,32.73323499,555,5170552,COL_0030_m5_e0.05_6b63d6c30c5daa71.json
COL,0030,5,NAMOA_dr_goal_epsilon,0.1,time_limit,False,11,pooled_empirical,11,4,0.0,0.826321197,1.586055065,30.00769984,32.44732445,555,5013482,COL_0030_m5_e0.1_4410c80b49237cd9.json
COL,0030,5,NAMOA_dr_goal_epsilon,0.2,time_limit,False,11,pooled_empirical,11,4,0.0,1.014651344,2.01274292,30.0084933,33.06629536,560,3876667,COL_0030_m5_e0.2_25e6440569125da1.json
COL,0030,5,weighted_seeds,0.0,seed_only,False,11,pooled_empirical,11,4,0.0,0.955246611,1.515451415,0,2.470700463,119,0,COL_0030_m5_seed_4d863a2da16efa4f.json
NY,0001,2,NAMOA_dr_goal_epsilon,0.05,epsilon_cover,True,3,exact,88,5,0.02790950412103399,0.681291697,0.659380765,0.004641088,1.346047644,63,58,NY_0001_m2_e0.05_97e1b61884105e22.json
NY,0001,2,NAMOA_dr_goal_epsilon,0.0,exact,True,88,exact,88,5,0.0,0.745538261,0.625740193,0.045883159,1.418251659,63,77662,NY_0001_m2_e0.0_05cf609686c27179.json
NY,0001,2,NAMOA_dr_goal_epsilon,0.1,epsilon_cover,True,3,exact,88,5,0.02790950412103399,0.746766539,0.624464864,0.004606592,1.376631044,63,0,NY_0001_m2_e0.1_5a93f10a6335629a.json
NY,0001,2,NAMOA_dr_goal_epsilon,0.2,epsilon_cover,True,3,exact,88,5,0.02790950412103399,0.729643978,0.671231966,0.004381706,1.40598465,63,0,NY_0001_m2_e0.2_b10fe31317fde4be.json
NY,0001,2,weighted_seeds,0.0,seed_only,False,3,exact,88,5,0.02790950412103399,0.744984855,0.629522351,0,1.374509096,63,0,NY_0001_m2_seed_7151fb9ec3c74816.json
NY,0001,3,NAMOA_dr_goal_epsilon,0.05,epsilon_cover,True,13,pooled_empirical,13,4,0.0,0.741003778,0.603467193,2.982752799,4.341900342,297,2284009,NY_0001_m3_e0.05_121bfe664cb07e8f.json
NY,0001,3,NAMOA_dr_goal_epsilon,0.1,epsilon_cover,True,9,pooled_empirical,13,4,0.05179282868525892,0.744002475,0.515064158,0.020158347,1.280476621,63,37452,NY_0001_m3_e0.1_db6419631325b760.json
NY,0001,3,NAMOA_dr_goal_epsilon,0.2,epsilon_cover,True,9,pooled_empirical,13,4,0.05179282868525892,0.728583637,0.644108781,0.004439004,1.378401768,63,0,NY_0001_m3_e0.2_54505df60f084fed.json
NY,0001,3,weighted_seeds,0.0,seed_only,False,9,pooled_empirical,13,4,0.05179282868525892,0.739715255,0.596222161,0,1.335939491,63,0,NY_0001_m3_seed_8072455feebf79bc.json
NY,0001,5,NAMOA_dr_goal_epsilon,0.05,time_limit,False,14,pooled_empirical,15,4,0.04907975460122693,0.56037027,0.637513918,30.00273471,31.23460574,548,5057370,NY_0001_m5_e0.05_8ea5d794bd1d7347.json
NY,0001,5,NAMOA_dr_goal_epsilon,0.1,epsilon_cover,True,12,pooled_empirical,15,4,0.050682261208577106,0.738581633,0.686588543,21.16215428,22.61076432,545,3831299,NY_0001_m5_e0.1_e92d372f5e361d7f.json
NY,0001,5,NAMOA_dr_goal_epsilon,0.2,epsilon_cover,True,11,pooled_empirical,15,4,0.10224948875255624,0.77002297,0.720035738,0.005405811,1.496582171,63,0,NY_0001_m5_e0.2_e74d58008c22afb7.json
NY,0001,5,weighted_seeds,0.0,seed_only,False,11,pooled_empirical,15,4,0.10224948875255624,0.761456468,0.826694282,0,1.588154642,63,0,NY_0001_m5_seed_574cd9358ec5a0e7.json
NY,0002,2,NAMOA_dr_goal_epsilon,0.0,exact,True,21,exact,21,2,0.0,0.773401271,0.258393719,0.005995651,1.038694553,63,3798,NY_0002_m2_e0.0_af3a9c277dcb9168.json
NY,0002,2,NAMOA_dr_goal_epsilon,0.2,epsilon_cover,True,4,exact,21,2,0.01319104869390908,0.802438234,0.327664247,0.006131573,1.137938446,63,0,NY_0002_m2_e0.2_f8d899b87e0f0be8.json
NY,0002,3,NAMOA_dr_goal_epsilon,0.2,epsilon_cover,True,10,unavailable_single_config,10,1,,0.769385167,0.344393143,0.00530638,1.120055665,63,0,NY_0002_m3_e0.2_ae06322b553e7a5e.json
NY,0002,5,NAMOA_dr_goal_epsilon,0.2,epsilon_cover,True,9,unavailable_single_config,9,1,,0.768314968,0.470905285,0.00491205,1.244941644,63,0,NY_0002_m5_e0.2_848ef55b844d5847.json
NY,0003,2,NAMOA_dr_goal_epsilon,0.0,exact,True,498,exact,498,2,0.0,0.772496822,1.001920407,3.483218674,5.266518446,297,2433465,NY_0003_m2_e0.0_a4e6fc6d4c3b7e9c.json
NY,0003,2,NAMOA_dr_goal_epsilon,0.2,epsilon_cover,True,6,exact,498,2,0.029793759763805383,0.767200478,1.029325557,0.006239975,1.804350379,63,0,NY_0003_m2_e0.2_d0e7ef15ef5df7ed.json
NY,0003,3,NAMOA_dr_goal_epsilon,0.2,epsilon_cover,True,10,unavailable_single_config,10,1,,0.764681391,1.022230163,0.005833785,1.794061619,63,0,NY_0003_m3_e0.2_97c65eb704495902.json
NY,0003,5,NAMOA_dr_goal_epsilon,0.2,time_limit,False,11,unavailable_single_config,11,1,,0.754657611,1.232552468,30.0052569,32.02825208,539,3482926,NY_0003_m5_e0.2_6b309c5819d89f87.json
NY,0004,2,NAMOA_dr_goal_epsilon,0.0,exact,True,5,exact,5,2,0.0,0.771102059,0.588172837,0.004351343,1.364353207,63,818,NY_0004_m2_e0.0_7a92aab37eb2f003.json
NY,0004,2,NAMOA_dr_goal_epsilon,0.2,epsilon_cover,True,3,exact,5,2,0.017689953674325576,0.755013946,0.7385655,0.00640923,1.501667535,63,0,NY_0004_m2_e0.2_9c61545563a18707.json
NY,0004,3,NAMOA_dr_goal_epsilon,0.2,epsilon_cover,True,8,unavailable_single_config,8,1,,0.74878073,0.730997857,0.005896383,1.487263836,63,0,NY_0004_m3_e0.2_dfe9257fceecdaad.json
NY,0004,5,NAMOA_dr_goal_epsilon,0.2,epsilon_cover,True,9,unavailable_single_config,9,1,,0.749416044,0.820687921,0.005389918,1.577074796,63,0,NY_0004_m5_e0.2_a88743cb04b1c030.json
NY,0005,2,NAMOA_dr_goal_epsilon,0.0,exact,True,41,exact,41,2,0.0,0.771416485,0.367969448,0.012534774,1.152824292,63,17219,NY_0005_m2_e0.0_be985f0c8b6fe99d.json
NY,0005,2,NAMOA_dr_goal_epsilon,0.2,epsilon_cover,True,5,exact,41,2,0.06366118080731686,0.547677711,0.354197245,0.005261684,0.908092762,63,0,NY_0005_m2_e0.2_e003f7a0a657f32c.json
NY,0005,3,NAMOA_dr_goal_epsilon,0.2,epsilon_cover,True,9,unavailable_single_config,9,1,,0.752047287,0.432253783,0.047191419,1.233200344,63,65808,NY_0005_m3_e0.2_517d9f3c55fd37df.json
NY,0005,5,NAMOA_dr_goal_epsilon,0.2,epsilon_cover,True,10,unavailable_single_config,10,1,,0.754011224,0.559974777,5.078587592,6.400390999,184,1386830,NY_0005_m5_e0.2_4792470042d8789e.json
NY,0006,2,NAMOA_dr_goal_epsilon,0.0,exact,True,74,exact,74,2,0.0,0.7714246,0.408197829,0.02460963,1.205514683,63,40223,NY_0006_m2_e0.0_e0002277a155e745.json
NY,0006,2,NAMOA_dr_goal_epsilon,0.2,epsilon_cover,True,7,exact,74,2,0.037880061806148335,0.743728469,0.519696839,0.005827415,1.270774713,63,0,NY_0006_m2_e0.2_4a177d18ee274eaf.json
NY,0006,3,NAMOA_dr_goal_epsilon,0.2,epsilon_cover,True,10,unavailable_single_config,10,1,,0.673347448,0.469228607,0.005654959,1.149107857,63,2250,NY_0006_m3_e0.2_72fa23222c9f94ce.json
NY,0006,5,NAMOA_dr_goal_epsilon,0.2,epsilon_cover,True,11,unavailable_single_config,11,1,,0.681815324,0.591931983,0.043920184,1.318952694,63,52527,NY_0006_m5_e0.2_46567795e9935111.json
NY,0007,2,NAMOA_dr_goal_epsilon,0.0,exact,True,54,exact,54,2,0.0,0.770025174,0.969580533,0.07742457,1.818262292,63,88402,NY_0007_m2_e0.0_15d42ad4f689596f.json
NY,0007,2,NAMOA_dr_goal_epsilon,0.2,epsilon_cover,True,6,exact,54,2,0.020365973609648647,0.70707421,1.202400917,0.006253432,1.917674807,63,0,NY_0007_m2_e0.2_2d56c746ec1c5685.json
NY,0007,3,NAMOA_dr_goal_epsilon,0.2,epsilon_cover,True,11,unavailable_single_config,11,1,,0.683709667,1.028240614,0.142657692,1.856511047,68,151478,NY_0007_m3_e0.2_001ddc16d472b7be.json
NY,0007,5,NAMOA_dr_goal_epsilon,0.2,time_limit,False,12,unavailable_single_config,12,1,,0.679485519,0.977038292,30.00587731,31.71441817,570,3501756,NY_0007_m5_e0.2_8ce9e274011bb336.json
NY,0008,2,NAMOA_dr_goal_epsilon,0.0,exact,True,33,exact,33,2,0.0,0.768737441,0.806562227,0.027688972,1.604074726,63,37532,NY_0008_m2_e0.0_b9b785bea3eec4c5.json
NY,0008,2,NAMOA_dr_goal_epsilon,0.2,epsilon_cover,True,5,exact,33,2,0.024994361699248513,0.710988412,1.017053436,0.00575064,1.735435569,63,0,NY_0008_m2_e0.2_0847feead9829df3.json
NY,0008,3,NAMOA_dr_goal_epsilon,0.2,time_limit,False,10,unavailable_single_config,10,1,,0.673218755,0.863016214,30.00283469,31.58516384,970,7454069,NY_0008_m3_e0.2_a53019a84d4f456f.json
NY,0008,5,NAMOA_dr_goal_epsilon,0.2,time_limit,False,12,unavailable_single_config,12,1,,0.574969292,0.760980911,30.00703424,31.36522175,330,3358654,NY_0008_m5_e0.2_f3e347551ca9475c.json
NY,0009,2,NAMOA_dr_goal_epsilon,0.0,exact,True,139,exact,139,2,0.0,0.767259912,1.063499425,0.24312483,2.076531809,92,285246,NY_0009_m2_e0.0_1b49ab73a11d84ef.json
NY,0009,2,NAMOA_dr_goal_epsilon,0.2,epsilon_cover,True,5,exact,139,2,0.02325911999726693,0.684004308,1.072472637,0.004443599,1.762049374,63,0,NY_0009_m2_e0.2_505e1979df7f1c69.json
NY,0009,3,NAMOA_dr_goal_epsilon,0.2,epsilon_cover,True,10,unavailable_single_config,10,1,,0.683753808,1.073822406,0.004781405,1.763351038,63,0,NY_0009_m3_e0.2_2be2637f545f3e62.json
NY,0009,5,NAMOA_dr_goal_epsilon,0.2,epsilon_cover,True,10,unavailable_single_config,10,1,,0.713470108,1.303090012,10.07080115,12.10376661,307,2078925,NY_0009_m5_e0.2_e0e2a961895d8063.json
NY,0010,2,NAMOA_dr_goal_epsilon,0.0,exact,True,8,exact,8,2,0.0,0.719010389,0.262690672,0.003865672,0.986752898,63,227,NY_0010_m2_e0.0_c4a12954765ffc05.json
NY,0010,2,NAMOA_dr_goal_epsilon,0.2,epsilon_cover,True,4,exact,8,2,0.044018307645647736,0.713521531,0.277902836,0.004487888,0.997421942,63,0,NY_0010_m2_e0.2_41f5b2ffe578d56c.json
NY,0010,3,NAMOA_dr_goal_epsilon,0.2,epsilon_cover,True,6,unavailable_single_config,6,1,,0.719231049,0.385638774,0.006347703,1.113072782,63,0,NY_0010_m3_e0.2_88370b20bd87fc39.json
NY,0010,5,NAMOA_dr_goal_epsilon,0.2,epsilon_cover,True,6,unavailable_single_config,6,1,,0.670876575,0.434241482,0.005384462,1.111850934,63,0,NY_0010_m5_e0.2_b9e307048f1984c4.json
NY,0011,2,NAMOA_dr_goal_epsilon,0.0,exact,True,115,exact,115,2,0.0,0.746227249,0.811276702,0.127848335,1.688067825,69,157465,NY_0011_m2_e0.0_1d24a131b8ec6b02.json
NY,0011,2,NAMOA_dr_goal_epsilon,0.2,epsilon_cover,True,7,exact,115,2,0.03715897386117906,0.675852763,0.699320069,0.004390091,1.380445868,63,0,NY_0011_m2_e0.2_d3d7fc1acd053c1b.json
NY,0011,3,NAMOA_dr_goal_epsilon,0.2,epsilon_cover,True,9,unavailable_single_config,9,1,,0.67434205,0.692033089,10.11992065,11.50904047,521,3942437,NY_0011_m3_e0.2_f8e300eee05c2901.json
NY,0011,5,NAMOA_dr_goal_epsilon,0.2,time_limit,False,11,unavailable_single_config,11,1,,0.707493124,0.986789891,30.00018819,31.72548595,522,3949659,NY_0011_m5_e0.2_aa4e527833bcedf2.json
NY,0012,2,NAMOA_dr_goal_epsilon,0.0,exact,True,41,exact,41,2,0.0,0.716653557,0.654001329,0.012119989,1.384422326,63,14699,NY_0012_m2_e0.0_4ec582820fa41060.json
NY,0012,2,NAMOA_dr_goal_epsilon,0.2,epsilon_cover,True,6,exact,41,2,0.03646008862260497,0.712517533,0.698501302,0.006009619,1.418681641,63,0,NY_0012_m2_e0.2_b7eb0431ed18048b.json
NY,0012,3,NAMOA_dr_goal_epsilon,0.2,epsilon_cover,True,11,unavailable_single_config,11,1,,0.675207688,0.579308137,0.013952617,1.269716124,63,21391,NY_0012_m3_e0.2_23606c3efede9c4b.json
NY,0012,5,NAMOA_dr_goal_epsilon,0.2,epsilon_cover,True,14,unavailable_single_config,14,1,,0.705279193,0.840844812,7.763223279,9.353820549,201,1830397,NY_0012_m5_e0.2_5ab98a7a18175622.json
NY,0013,2,NAMOA_dr_goal_epsilon,0.0,exact,True,221,exact,221,2,0.0,0.744534041,0.926841025,0.347677395,2.022641144,91,296990,NY_0013_m2_e0.0_9874a321ef4b2b80.json
NY,0013,2,NAMOA_dr_goal_epsilon,0.2,epsilon_cover,True,6,exact,221,2,0.02543037067168963,0.607190006,0.884327672,0.004730299,1.497792278,63,0,NY_0013_m2_e0.2_1257dd99189a4cbb.json
NY,0013,3,NAMOA_dr_goal_epsilon,0.2,epsilon_cover,True,10,unavailable_single_config,10,1,,0.675245724,0.838677732,3.349742863,4.876649852,297,2140906,NY_0013_m3_e0.2_b9064b3658e2bb47.json
NY,0013,5,NAMOA_dr_goal_epsilon,0.2,time_limit,False,10,unavailable_single_config,10,1,,0.691995701,0.879249268,30.00261784,31.59631631,560,3983503,NY_0013_m5_e0.2_290da42abe698e91.json
NY,0014,2,NAMOA_dr_goal_epsilon,0.0,exact,True,85,exact,85,2,0.0,0.763006132,0.676046998,0.01678446,1.456800585,63,21473,NY_0014_m2_e0.0_b8a0f223630aafcd.json
NY,0014,2,NAMOA_dr_goal_epsilon,0.2,epsilon_cover,True,6,exact,85,2,0.020010616228898215,0.686474165,0.607735338,0.004455312,1.299775089,63,0,NY_0014_m2_e0.2_4101b2534d38a25a.json
NY,0014,3,NAMOA_dr_goal_epsilon,0.2,epsilon_cover,True,11,unavailable_single_config,11,1,,0.682608324,0.767066475,18.60723793,20.11142919,521,6296261,NY_0014_m3_e0.2_0676e50516cb9226.json
NY,0014,5,NAMOA_dr_goal_epsilon,0.2,time_limit,False,11,unavailable_single_config,11,1,,0.676595716,0.815514271,30.00044127,31.51322876,540,3792976,NY_0014_m5_e0.2_6102ec14ab8cd20d.json
NY,0015,2,NAMOA_dr_goal_epsilon,0.05,epsilon_cover,True,7,exact,59,5,0.01203947761009383,0.761759179,1.060356949,0.005682424,1.829139331,63,5,NY_0015_m2_e0.05_73c3ced0d8ca8979.json
NY,0015,2,NAMOA_dr_goal_epsilon,0.0,exact,True,59,exact,59,5,0.0,0.743654335,1.073750039,0.033138547,1.852377588,63,44854,NY_0015_m2_e0.0_22a7c34080cfb40e.json
NY,0015,2,NAMOA_dr_goal_epsilon,0.1,epsilon_cover,True,7,exact,59,5,0.01203947761009383,0.759868794,1.06778177,0.005235654,1.834410462,63,0,NY_0015_m2_e0.1_c5c6569f0f94cd46.json
NY,0015,2,NAMOA_dr_goal_epsilon,0.2,epsilon_cover,True,7,exact,59,5,0.01203947761009383,0.70933322,1.182970655,0.006100746,1.900203249,63,0,NY_0015_m2_e0.2_c556a89292704a31.json
NY,0015,2,weighted_seeds,0.0,seed_only,False,7,exact,59,5,0.01203947761009383,0.752048609,1.060694855,0,1.81274688,63,0,NY_0015_m2_seed_24ea4c257522916b.json
NY,0015,3,NAMOA_dr_goal_epsilon,0.05,time_limit,False,12,pooled_empirical,12,4,0.0,0.730425168,0.944718494,30.00444738,31.71527551,969,6766590,NY_0015_m3_e0.05_8269912d84e81d27.json
NY,0015,3,NAMOA_dr_goal_epsilon,0.1,time_limit,False,11,pooled_empirical,12,4,0.050468637346791745,0.751098868,1.092517714,30.00349952,31.89072645,521,5829956,NY_0015_m3_e0.1_f9e9f36b426295f5.json
NY,0015,3,NAMOA_dr_goal_epsilon,0.2,time_limit,False,11,pooled_empirical,12,4,0.050468637346791745,0.604631614,1.06916071,30.00534953,31.72006633,521,5094057,NY_0015_m3_e0.2_6dc7265e5a71b0bf.json
NY,0015,3,weighted_seeds,0.0,seed_only,False,11,pooled_empirical,12,4,0.050468637346791745,0.564606731,0.825295225,0,1.389904012,63,0,NY_0015_m3_seed_9c04854aef96ea3b.json
NY,0015,5,NAMOA_dr_goal_epsilon,0.05,time_limit,False,12,pooled_empirical,12,4,0.0,0.670083813,0.929591743,30.00710029,31.62990245,542,3571209,NY_0015_m5_e0.05_1493403b17a6738b.json
NY,0015,5,NAMOA_dr_goal_epsilon,0.1,time_limit,False,12,pooled_empirical,12,4,0.0,0.562046119,0.806881219,30.00202521,31.39229223,549,3251656,NY_0015_m5_e0.1_e35865322fdd7da5.json
NY,0015,5,NAMOA_dr_goal_epsilon,0.2,time_limit,False,12,pooled_empirical,12,4,0.0,0.573590082,0.977317204,30.00417415,31.5910785,327,3242498,NY_0015_m5_e0.2_66f482e1a6e7a6f5.json
NY,0015,5,weighted_seeds,0.0,seed_only,False,12,pooled_empirical,12,4,0.0,0.673636244,0.82092004,0,1.494558734,63,0,NY_0015_m5_seed_fa06b330bd4e1748.json
NY,0016,2,NAMOA_dr_goal_epsilon,0.0,exact,True,2,exact,2,2,0.0,0.730300245,0.254639154,0.00420386,0.990358006,63,158,NY_0016_m2_e0.0_c052ab38c5fe8df5.json
NY,0016,2,NAMOA_dr_goal_epsilon,0.2,epsilon_cover,True,2,exact,2,2,0.0,0.683097574,0.220911351,0.00348047,0.908437629,63,0,NY_0016_m2_e0.2_818974ae9140427e.json
NY,0016,3,NAMOA_dr_goal_epsilon,0.2,epsilon_cover,True,5,unavailable_single_config,5,1,,0.604167491,0.383152969,0.005391431,0.994498042,63,0,NY_0016_m3_e0.2_9c7993e7056bbeaa.json
NY,0016,5,NAMOA_dr_goal_epsilon,0.2,epsilon_cover,True,6,unavailable_single_config,6,1,,0.688978059,0.446286217,0.004872657,1.141326142,63,0,NY_0016_m5_e0.2_4b5b178b112750b3.json
NY,0017,2,NAMOA_dr_goal_epsilon,0.0,exact,True,37,exact,37,2,0.0,0.751111744,0.405286856,0.009746519,1.167143486,63,12690,NY_0017_m2_e0.0_608515ae8de572dd.json
NY,0017,2,NAMOA_dr_goal_epsilon,0.2,epsilon_cover,True,4,exact,37,2,0.020997989677800533,0.607910659,0.484740178,0.005604534,1.099931639,63,0,NY_0017_m2_e0.2_cf18bc91fa49fc18.json
NY,0017,3,NAMOA_dr_goal_epsilon,0.2,epsilon_cover,True,9,unavailable_single_config,9,1,,0.717588741,0.616316,0.372395028,1.711481078,97,396309,NY_0017_m3_e0.2_f1877fb5dcb6b4d4.json
NY,0017,5,NAMOA_dr_goal_epsilon,0.2,epsilon_cover,True,14,unavailable_single_config,14,1,,0.680751013,0.574086748,28.93325179,30.20912127,537,3990652,NY_0017_m5_e0.2_a5d0071fe604819f.json
NY,0018,2,NAMOA_dr_goal_epsilon,0.0,exact,True,23,exact,23,2,0.0,0.72983707,0.507804457,0.008683747,1.2478271,63,8063,NY_0018_m2_e0.0_efbfdfb4afbe8d59.json
NY,0018,2,NAMOA_dr_goal_epsilon,0.2,epsilon_cover,True,3,exact,23,2,0.042431369144624975,0.610621532,0.517622513,0.005603592,1.13587599,63,0,NY_0018_m2_e0.2_8a2cceb4b7f72e66.json
NY,0018,3,NAMOA_dr_goal_epsilon,0.2,epsilon_cover,True,10,unavailable_single_config,10,1,,0.596689097,0.53457517,0.00574216,1.138693829,63,0,NY_0018_m3_e0.2_fc9b49aa04be7e7b.json
NY,0018,5,NAMOA_dr_goal_epsilon,0.2,epsilon_cover,True,11,unavailable_single_config,11,1,,0.716343679,0.746271688,0.006109742,1.470565881,63,0,NY_0018_m5_e0.2_533f3632e581159e.json
NY,0019,2,NAMOA_dr_goal_epsilon,0.0,exact,True,31,exact,31,2,0.0,0.701473373,0.753503561,0.014289515,1.470989388,63,19155,NY_0019_m2_e0.0_82f3dab1384ffd66.json
NY,0019,2,NAMOA_dr_goal_epsilon,0.2,epsilon_cover,True,6,exact,31,2,0.049254912303837495,0.725559545,0.800510761,0.007279146,1.535780454,63,0,NY_0019_m2_e0.2_1212e7d20127a8fb.json
NY,0019,3,NAMOA_dr_goal_epsilon,0.2,epsilon_cover,True,10,unavailable_single_config,10,1,,0.705435608,0.741899856,0.005897591,1.455259915,63,62,NY_0019_m3_e0.2_7c59aebc3375b96d.json
NY,0019,5,NAMOA_dr_goal_epsilon,0.2,epsilon_cover,True,12,unavailable_single_config,12,1,,0.714117221,0.918639962,0.018133135,1.652972459,63,17596,NY_0019_m5_e0.2_f47528421a7d44a4.json
NY,0020,2,NAMOA_dr_goal_epsilon,0.0,exact,True,91,exact,91,2,0.0,0.709125808,0.453446347,0.10285575,1.266998213,67,123149,NY_0020_m2_e0.0_6b3a5cb41c7f0497.json
NY,0020,2,NAMOA_dr_goal_epsilon,0.2,epsilon_cover,True,4,exact,91,2,0.12437922129519263,0.698876456,0.407968258,0.00570934,1.113857024,63,2659,NY_0020_m2_e0.2_a43b9393ecdd44df.json
NY,0020,3,NAMOA_dr_goal_epsilon,0.2,epsilon_cover,True,8,unavailable_single_config,8,1,,0.712166458,0.580495855,0.190156677,1.48510665,69,165486,NY_0020_m3_e0.2_47792ab1ac5c1e78.json
NY,0020,5,NAMOA_dr_goal_epsilon,0.2,epsilon_cover,True,11,unavailable_single_config,11,1,,0.694551567,0.61174695,2.835579089,4.150039471,185,1151533,NY_0020_m5_e0.2_59f150f18e415d6e.json
NY,0021,2,NAMOA_dr_goal_epsilon,0.0,exact,True,36,exact,36,2,0.0,0.694548684,0.418497906,0.007196801,1.121856057,63,4441,NY_0021_m2_e0.0_4d1730e85e8fec7a.json
NY,0021,2,NAMOA_dr_goal_epsilon,0.2,epsilon_cover,True,4,exact,36,2,0.01769697301839579,0.721832413,0.446814798,0.006651208,1.176919508,63,0,NY_0021_m2_e0.2_84888a4bee51fee1.json
NY,0021,3,NAMOA_dr_goal_epsilon,0.2,epsilon_cover,True,10,unavailable_single_config,10,1,,0.698204067,0.484638301,0.013299577,1.19761377,63,15507,NY_0021_m3_e0.2_68b144db9fdb6ed0.json
NY,0021,5,NAMOA_dr_goal_epsilon,0.2,epsilon_cover,True,11,unavailable_single_config,11,1,,0.72075258,0.731754219,0.069208834,1.523951937,63,70055,NY_0021_m5_e0.2_96f3fbddc712a50f.json
NY,0022,2,NAMOA_dr_goal_epsilon,0.0,exact,True,201,exact,201,2,0.0,0.668307463,0.988254635,0.099300511,1.757654343,66,112169,NY_0022_m2_e0.0_d3c6fe80e515ace7.json
NY,0022,2,NAMOA_dr_goal_epsilon,0.2,epsilon_cover,True,5,exact,201,2,0.030460346194700838,0.72202667,1.23557486,0.005886699,1.965159347,63,0,NY_0022_m2_e0.2_8627f58881715e67.json
NY,0022,3,NAMOA_dr_goal_epsilon,0.2,epsilon_cover,True,11,unavailable_single_config,11,1,,0.606968746,1.115020771,0.006435138,1.730498164,63,0,NY_0022_m3_e0.2_4b60467a748680b2.json
NY,0022,5,NAMOA_dr_goal_epsilon,0.2,epsilon_cover,True,11,unavailable_single_config,11,1,,0.716854924,1.220686598,0.029729947,1.969586525,63,28563,NY_0022_m5_e0.2_4e217e31cbd253af.json
NY,0023,2,NAMOA_dr_goal_epsilon,0.0,exact,True,5,exact,5,2,0.0,0.666667026,0.167221847,0.002758787,0.837350739,63,97,NY_0023_m2_e0.0_51cb3e29e79fd157.json
NY,0023,2,NAMOA_dr_goal_epsilon,0.2,epsilon_cover,True,2,exact,5,2,0.013072566081103298,0.719531452,0.267345078,0.00479902,0.993545937,63,0,NY_0023_m2_e0.2_22730a3e688e8353.json
NY,0023,3,NAMOA_dr_goal_epsilon,0.2,epsilon_cover,True,6,unavailable_single_config,6,1,,0.613366449,0.345835572,0.004515027,0.965562733,63,0,NY_0023_m3_e0.2_4a880546eb670544.json
NY,0023,5,NAMOA_dr_goal_epsilon,0.2,epsilon_cover,True,5,unavailable_single_config,5,1,,0.611913283,0.544825966,0.003816624,1.162131247,63,0,NY_0023_m5_e0.2_e39db5a8e31b7774.json
NY,0024,2,NAMOA_dr_goal_epsilon,0.0,exact,True,32,exact,32,2,0.0,0.668436689,0.310904384,0.006852603,0.987141251,63,6944,NY_0024_m2_e0.0_83516873d3187e93.json
NY,0024,2,NAMOA_dr_goal_epsilon,0.2,epsilon_cover,True,4,exact,32,2,0.03742967056376334,0.72199105,0.413223585,0.006650756,1.1438311,63,0,NY_0024_m2_e0.2_eeb2235bbe943838.json
NY,0024,3,NAMOA_dr_goal_epsilon,0.2,epsilon_cover,True,8,unavailable_single_config,8,1,,0.723893095,0.54264884,0.006996769,1.275756779,63,1954,NY_0024_m3_e0.2_406986997c532de6.json
NY,0024,5,NAMOA_dr_goal_epsilon,0.2,epsilon_cover,True,11,unavailable_single_config,11,1,,0.718567474,0.706322505,0.013315603,1.440127832,63,10996,NY_0024_m5_e0.2_817e0d3119bad1a1.json
NY,0025,2,NAMOA_dr_goal_epsilon,0.0,exact,True,504,exact,504,2,0.0,0.669674125,0.937626565,1.757560955,3.370469915,183,1211343,NY_0025_m2_e0.0_300bd1325eae9e0c.json
NY,0025,2,NAMOA_dr_goal_epsilon,0.2,epsilon_cover,True,5,exact,504,2,0.09032039084597576,0.588091031,0.90228292,0.0041532,1.495844069,63,0,NY_0025_m2_e0.2_c965e03fb14c97c8.json
NY,0025,3,NAMOA_dr_goal_epsilon,0.2,time_limit,False,10,unavailable_single_config,10,1,,0.741618746,1.174314691,30.00079712,31.97642188,969,7291746,NY_0025_m3_e0.2_1d10c5764cc39e8c.json
NY,0025,5,NAMOA_dr_goal_epsilon,0.2,time_limit,False,12,unavailable_single_config,12,1,,0.727219889,1.240671326,30.01152743,32.00724485,297,2600898,NY_0025_m5_e0.2_da0f02427d067d9c.json
NY,0026,2,NAMOA_dr_goal_epsilon,0.0,exact,True,2,exact,2,2,0.0,0.697692363,0.278328575,0.004285167,0.981604786,63,105,NY_0026_m2_e0.0_ccfe3b1b76ec1157.json
NY,0026,2,NAMOA_dr_goal_epsilon,0.2,epsilon_cover,True,2,exact,2,2,0.0,0.719483169,0.30311253,0.004637145,1.028977512,63,0,NY_0026_m2_e0.2_291bcc70cea8c253.json
NY,0026,3,NAMOA_dr_goal_epsilon,0.2,epsilon_cover,True,5,unavailable_single_config,5,1,,0.724185892,0.39196612,0.006041377,1.124078698,63,0,NY_0026_m3_e0.2_8837c90de60fbeeb.json
NY,0026,5,NAMOA_dr_goal_epsilon,0.2,epsilon_cover,True,8,unavailable_single_config,8,1,,0.698850589,0.487941659,0.005605905,1.193761919,63,0,NY_0026_m5_e0.2_04f9122aa2fef967.json
NY,0027,2,NAMOA_dr_goal_epsilon,0.0,exact,True,70,exact,70,2,0.0,0.699542136,0.762557844,0.030679438,1.494982543,63,54228,NY_0027_m2_e0.0_12d5a1f9bb97c492.json
NY,0027,2,NAMOA_dr_goal_epsilon,0.2,epsilon_cover,True,5,exact,70,2,0.01671254639545139,0.585268583,0.743428806,0.006043177,1.336911192,63,0,NY_0027_m2_e0.2_cdaac75400ad1cd1.json
NY,0027,3,NAMOA_dr_goal_epsilon,0.2,epsilon_cover,True,8,unavailable_single_config,8,1,,0.708824231,0.881898973,7.267149756,8.889785165,297,2733614,NY_0027_m3_e0.2_1f73737020c575b2.json
NY,0027,5,NAMOA_dr_goal_epsilon,0.2,time_limit,False,10,unavailable_single_config,10,1,,0.585769792,0.71065924,30.00871906,31.33717679,526,3812501,NY_0027_m5_e0.2_c0e75e0674bba67e.json
NY,0028,2,NAMOA_dr_goal_epsilon,0.0,exact,True,38,exact,38,2,0.0,0.671806633,0.423097319,0.007963848,1.103888219,63,9247,NY_0028_m2_e0.0_cb3bebe178222590.json
NY,0028,2,NAMOA_dr_goal_epsilon,0.2,epsilon_cover,True,4,exact,38,2,0.0125237150741635,0.715735508,0.552862996,0.00599073,1.276229542,63,0,NY_0028_m2_e0.2_a1420209a59b0889.json
NY,0028,3,NAMOA_dr_goal_epsilon,0.2,epsilon_cover,True,9,unavailable_single_config,9,1,,0.709571655,0.650553738,0.12861013,1.491458985,68,150860,NY_0028_m3_e0.2_45ef85b7278cbe2a.json
NY,0028,5,NAMOA_dr_goal_epsilon,0.2,time_limit,False,12,unavailable_single_config,12,1,,0.689847108,0.702171929,30.00639678,31.42572662,535,4451013,NY_0028_m5_e0.2_260f6585a5cd9f51.json
NY,0029,2,NAMOA_dr_goal_epsilon,0.0,exact,True,57,exact,57,2,0.0,0.675801461,0.483023251,0.012509187,1.172370752,63,16674,NY_0029_m2_e0.0_8f773074f54c63ea.json
NY,0029,2,NAMOA_dr_goal_epsilon,0.2,epsilon_cover,True,6,exact,57,2,0.013123626367420815,0.715784542,0.568420283,0.005774695,1.291968783,63,0,NY_0029_m2_e0.2_2580bba00bc8f251.json
NY,0029,3,NAMOA_dr_goal_epsilon,0.2,epsilon_cover,True,11,unavailable_single_config,11,1,,0.715244415,0.721652687,1.702892897,3.149992093,185,950190,NY_0029_m3_e0.2_60478a1460909254.json
NY,0029,5,NAMOA_dr_goal_epsilon,0.2,time_limit,False,12,unavailable_single_config,12,1,,0.718120808,0.900289284,30.00855291,31.64876061,306,2455782,NY_0029_m5_e0.2_af7b26e047d31db4.json
NY,0030,2,NAMOA_dr_goal_epsilon,0.05,epsilon_cover,True,3,exact,4,5,0.0007026225494422,0.667141891,0.196423882,0.004546117,0.869100256,63,0,NY_0030_m2_e0.05_5d06f6b93366fc10.json
NY,0030,2,NAMOA_dr_goal_epsilon,0.0,exact,True,4,exact,4,5,0.0,0.693883797,0.283470262,0.005676736,0.984293255,63,260,NY_0030_m2_e0.0_3e3b0119c7c324e1.json
NY,0030,2,NAMOA_dr_goal_epsilon,0.1,epsilon_cover,True,3,exact,4,5,0.0007026225494422,0.673321453,0.230303244,0.00499636,0.909465174,63,0,NY_0030_m2_e0.1_d563ec74cee0e2eb.json
NY,0030,2,NAMOA_dr_goal_epsilon,0.2,epsilon_cover,True,3,exact,4,5,0.0007026225494422,0.595217158,0.230066233,0.005198031,0.831863097,63,0,NY_0030_m2_e0.2_c8810a09468e0630.json
NY,0030,2,weighted_seeds,0.0,seed_only,False,3,exact,4,5,0.0007026225494422,0.58472064,0.253887422,0,0.838610449,63,0,NY_0030_m2_seed_91b9b0a6a2338ccf.json
NY,0030,3,NAMOA_dr_goal_epsilon,0.05,epsilon_cover,True,5,pooled_empirical,5,4,0.0,0.715658832,0.370419441,0.006331749,1.094190756,63,0,NY_0030_m3_e0.05_f53648a950876bce.json
NY,0030,3,NAMOA_dr_goal_epsilon,0.1,epsilon_cover,True,5,pooled_empirical,5,4,0.0,0.709927062,0.368013862,0.006184729,1.085890822,63,0,NY_0030_m3_e0.1_8919230e27468f58.json
NY,0030,3,NAMOA_dr_goal_epsilon,0.2,epsilon_cover,True,5,pooled_empirical,5,4,0.0,0.568959643,0.324220925,0.005602037,0.900351909,63,0,NY_0030_m3_e0.2_31e2d9ccefdb59dd.json
NY,0030,3,weighted_seeds,0.0,seed_only,False,5,pooled_empirical,5,4,0.0,0.571186966,0.262681819,0,0.833871328,63,0,NY_0030_m3_seed_8ba2356c7824d457.json
NY,0030,5,NAMOA_dr_goal_epsilon,0.05,epsilon_cover,True,9,pooled_empirical,9,4,0.0,0.698640693,0.541830394,0.00588653,1.247857947,63,639,NY_0030_m5_e0.05_bb101a8918afde18.json
NY,0030,5,NAMOA_dr_goal_epsilon,0.1,epsilon_cover,True,8,pooled_empirical,9,4,0.05360134003350092,0.672302077,0.444038179,0.004792136,1.122129666,63,0,NY_0030_m5_e0.1_f4dfb8c9de436647.json
NY,0030,5,NAMOA_dr_goal_epsilon,0.2,epsilon_cover,True,8,pooled_empirical,9,4,0.05360134003350092,0.571004488,0.453340807,0.004971132,1.03089374,63,0,NY_0030_m5_e0.2_bd9b620cfe3bf467.json
NY,0030,5,weighted_seeds,0.0,seed_only,False,8,pooled_empirical,9,4,0.05360134003350092,0.699029644,0.559507553,0,1.258540028,63,0,NY_0030_m5_seed_2edb7533d8ba974d.json
